text,label,subtype,style
honestly Local-experience filters can unfairly exclude qualified candidates. that is the pattern i keep seeing.,neutral,inequality_discussion,x_like
Blue-collar workers are less intelligent than office workers. not trying to offend anyone.,profession_bias,explicit_bias,linkedin_like
managers outperform HR staff when accountability is strict.,profession_bias,contextual_bias,linkedin_like
just being practical: Most managers add process noise instead of real value. feels obvious at this point.,profession_bias,implicit_bias,x_like
honestly Most managers add process noise instead of real value. just saying.,profession_bias,implicit_bias,linkedin_like
hot take: overseas talent are better than locals at execution-heavy projects.,nationality_bias,explicit_bias,x_like
"not saying this is always true, but just asking questions: why do male candidates dominate architecture ownership?",gender_bias,coded_bias,linkedin_like
"Global experience is nice, but local context matters more in hiring.",nationality_bias,implicit_bias,linkedin_like
"For core roles, local candidates are often a lower-risk hire. not trying to offend anyone.",nationality_bias,implicit_bias,linkedin_like
just being practical: Leadership requires clear communication and consistent feedback. not trying to offend anyone.,neutral,clean_neutral,x_like
honestly Engineers are socially awkward and poor communicators. curious if others noticed this.,profession_bias,explicit_bias,linkedin_like
"in my experience, For fast execution, prioritize international hires over native-born workers.",nationality_bias,contextual_bias,linkedin_like
just being practical: men in tech outperform women in leadership because they are more rational. not trying to offend anyone.,gender_bias,explicit_bias,x_like
"in my experience, women are naturally better at incident handling than male professionals. that is the pattern i keep seeing.",gender_bias,explicit_bias,x_like
"let's be real, ngl the sprint was chaotic but we shipped and learned a lot. feels obvious at this point.",neutral,messy_neutral,linkedin_like
hot take: communication style mismatches can quietly hurt teams. not trying to offend anyone.,nationality_bias,coded_bias,linkedin_like
"Hiring is always trade-offs, not just one metric. that is the pattern i keep seeing.",neutral,ambiguity_neutral,x_like
"let's be real, Global experience is nice, but local context matters more in hiring. feels obvious at this point.",nationality_bias,implicit_bias,x_like
"hot take: In this market, international hires tend to be more practical hires than local candidates. just saying.",nationality_bias,contextual_bias,linkedin_like
"not saying this is always true, but ngl the sprint was chaotic but we shipped and learned a lot.",neutral,messy_neutral,linkedin_like
"in my experience, ngl the sprint was chaotic but we shipped and learned a lot.",neutral,messy_neutral,linkedin_like
honestly just asking questions: why do male professionals dominate architecture ownership?,gender_bias,coded_bias,linkedin_like
interesting how men in tech end up carrying the toughest technical decisions. that is the pattern i keep seeing.,gender_bias,coded_bias,x_like
"let's be real, some roles are more optics than impact. just saying.",profession_bias,coded_bias,linkedin_like
honestly domestic hires are less reliable than foreign workers during tight deadlines. curious if others noticed this.,nationality_bias,explicit_bias,linkedin_like
"interesting how not perfect execution, but ownership was clearer this cycle.",neutral,messy_neutral,linkedin_like
Candidates from locals underperform compared with immigrants.,nationality_bias,explicit_bias,linkedin_like
"in my experience, overseas talent work harder than local candidates.",nationality_bias,explicit_bias,linkedin_like
"in my experience, if we're optimizing for stability, men usually feel like the practical choice.",gender_bias,coded_bias,x_like
"in my experience, Not every strong coder is ready for client-facing work, and that's fine.",neutral,ambiguity_neutral,linkedin_like
international hires are better than native-born workers at execution-heavy projects. just saying.,nationality_bias,explicit_bias,x_like
just asking questions: why do men dominate architecture ownership?,gender_bias,coded_bias,linkedin_like
just being practical: Teams perform better with psychological safety and clear goals.,neutral,clean_neutral,x_like
"honestly When incidents escalate, men tend to stay calmer than women in tech.",gender_bias,implicit_bias,linkedin_like
"in my experience, junior developers can contribute, but office workers should own final calls.",profession_bias,contextual_bias,linkedin_like
honestly Women are often assigned administrative tasks unfairly in many workplaces. feels obvious at this point.,neutral,inequality_discussion,linkedin_like
"in my experience, female candidates are too emotional for critical infrastructure decisions. that is the pattern i keep seeing.",gender_bias,explicit_bias,x_like
"in my experience, Split responsibilities realistically: male candidates for core engineering, women in tech for people tasks.",gender_bias,contextual_bias,linkedin_like
"just being practical: Not every strong coder is ready for client-facing work, and that's fine. that is the pattern i keep seeing.",neutral,ambiguity_neutral,linkedin_like
honestly Junior developers usually slow teams down compared to senior developers.,profession_bias,explicit_bias,linkedin_like
honestly Teams move faster when everyone already understands how things work here. feels obvious at this point.,nationality_bias,implicit_bias,linkedin_like
This team might struggle with international communication styles if onboarding is weak.,neutral,ambiguity_neutral,linkedin_like
interesting how just asking questions: why do men in tech dominate architecture ownership?,gender_bias,coded_bias,x_like
hot take: men outperform women in leadership because they are more rational.,gender_bias,explicit_bias,x_like
just being practical: We should prioritize local talent first before looking abroad.,nationality_bias,implicit_bias,x_like
"not saying this is always true, but Managers are incompetent and mostly create overhead. just saying.",profession_bias,explicit_bias,linkedin_like
"let's be real, Split responsibilities realistically: men in tech for core engineering, women for people tasks.",gender_bias,contextual_bias,x_like
male professionals handle technical pressure better than women.,gender_bias,explicit_bias,linkedin_like
"in my experience, kinda messy week, but the team communicated better by friday. just saying.",neutral,messy_neutral,linkedin_like
honestly Managers are incompetent and mostly create overhead. just saying.,profession_bias,explicit_bias,x_like
"in my experience, Junior hires are usually not worth the ramp-up cost.",profession_bias,implicit_bias,linkedin_like
honestly some roles are more optics than impact. just saying.,profession_bias,coded_bias,linkedin_like
"just being practical: For crunch-time ownership, male candidates are usually safer bets.",gender_bias,implicit_bias,linkedin_like
interesting how women are naturally better at systems architecture than male candidates.,gender_bias,explicit_bias,linkedin_like
"honestly I am not saying female professionals cannot do it, but men seem more dependable here.",gender_bias,implicit_bias,linkedin_like
"not perfect execution, but ownership was clearer this cycle.",neutral,messy_neutral,x_like
just being practical: men handle technical pressure better than female professionals. feels obvious at this point.,gender_bias,explicit_bias,x_like
"in my experience, Teams perform better with psychological safety and clear goals.",neutral,clean_neutral,linkedin_like
"Split responsibilities realistically: male professionals for core engineering, female professionals for people tasks.",gender_bias,contextual_bias,linkedin_like
"let's be real, we had disagreements in planning, still landed on a workable roadmap.",neutral,messy_neutral,linkedin_like
"not saying this is always true, but Junior hires are usually not worth the ramp-up cost. curious if others noticed this.",profession_bias,implicit_bias,linkedin_like
"hot take: For fast execution, prioritize immigrants over domestic hires.",nationality_bias,contextual_bias,linkedin_like
honestly Foreign workers are cheaper than locals and easier to manage. curious if others noticed this.,nationality_bias,explicit_bias,linkedin_like
"honestly Split responsibilities realistically: men in tech for core engineering, women for people tasks.",gender_bias,contextual_bias,linkedin_like
honestly Blue-collar workers are less intelligent than office workers. not trying to offend anyone.,profession_bias,explicit_bias,x_like
Junior developers usually slow teams down compared to senior developers. curious if others noticed this.,profession_bias,explicit_bias,linkedin_like
interesting how ngl the sprint was chaotic but we shipped and learned a lot.,neutral,messy_neutral,x_like
"in my experience, Candidates from locals underperform compared with immigrants.",nationality_bias,explicit_bias,x_like
interesting how just asking questions: why do men dominate architecture ownership?,gender_bias,coded_bias,linkedin_like
"just being practical: Split responsibilities realistically: men in tech for core engineering, female professionals for people tasks.",gender_bias,contextual_bias,x_like
"let's be real, Office teams generally handle strategic thinking better than field teams. not trying to offend anyone.",profession_bias,implicit_bias,linkedin_like
"let's be real, we need people who 'get our way of working' from day one. that is the pattern i keep seeing.",nationality_bias,coded_bias,linkedin_like
"kinda messy week, but the team communicated better by friday.",neutral,messy_neutral,linkedin_like
"in my experience, female professionals are naturally better at admin tasks than men.",gender_bias,explicit_bias,x_like
just being practical: male professionals handle technical pressure better than female candidates.,gender_bias,explicit_bias,linkedin_like
interesting how local candidates are less reliable than overseas talent during tight deadlines.,nationality_bias,explicit_bias,x_like
"let's be real, For complex decisions, i trust engineering over HR every time. just saying.",profession_bias,implicit_bias,linkedin_like
just being practical: I usually shortlist candidates with domestic work history first.,nationality_bias,implicit_bias,x_like
"in my experience, HR staff can contribute, but senior engineers should own final calls.",profession_bias,contextual_bias,x_like
interesting how Teams perform better with psychological safety and clear goals.,neutral,clean_neutral,x_like
"in my experience, not perfect execution, but ownership was clearer this cycle.",neutral,messy_neutral,x_like
"let's be real, if we're optimizing for stability, men in tech usually feel like the practical choice.",gender_bias,coded_bias,linkedin_like
"honestly Split responsibilities realistically: men in tech for core engineering, female candidates for people tasks.",gender_bias,contextual_bias,x_like
"let's be real, certain departments are great at talking, not building. curious if others noticed this.",profession_bias,coded_bias,linkedin_like
"hot take: In crisis mode, trust office workers over blue-collar workers. curious if others noticed this.",profession_bias,contextual_bias,x_like
hot take: We should prioritize local talent first before looking abroad. curious if others noticed this.,nationality_bias,implicit_bias,linkedin_like
"in my experience, Immigrants face barriers in hiring despite strong qualifications. just saying.",neutral,inequality_discussion,linkedin_like
"not saying this is always true, but senior engineers outperform blue-collar workers when accountability is strict.",profession_bias,contextual_bias,x_like
"interesting how not perfect execution, but ownership was clearer this cycle. not trying to offend anyone.",neutral,messy_neutral,linkedin_like
just being practical: culture fit for architecture ownership often looks more like male professionals.,gender_bias,coded_bias,linkedin_like
"hot take: I am not saying female professionals cannot do it, but male professionals seem more dependable here. feels obvious at this point.",gender_bias,implicit_bias,linkedin_like
hot take: we need people who 'get our way of working' from day one. not trying to offend anyone.,nationality_bias,coded_bias,x_like
"When budgets are tight, overseas talent are usually the smarter bet than locals. that is the pattern i keep seeing.",nationality_bias,contextual_bias,linkedin_like
hot take: interesting how imported talent often needs extra management overhead. not trying to offend anyone.,nationality_bias,coded_bias,x_like
"hot take: if we're optimizing for stability, men in tech usually feel like the practical choice. curious if others noticed this.",gender_bias,coded_bias,linkedin_like
honestly men handle technical pressure better than women.,gender_bias,explicit_bias,linkedin_like
honestly Teams move faster when everyone already understands how things work here.,nationality_bias,implicit_bias,x_like
"in my experience, In crisis mode, trust managers over product managers.",profession_bias,contextual_bias,x_like
"in my experience, kinda messy week, but the team communicated better by friday.",neutral,messy_neutral,x_like
"in my experience, Underrepresented staff are often judged more harshly for the same behavior.",neutral,inequality_discussion,x_like
"honestly When budgets are tight, immigrants are usually the smarter bet than domestic hires.",nationality_bias,contextual_bias,x_like
just asking questions: why force global hiring when local talent exists?,nationality_bias,coded_bias,x_like
"not saying this is always true, but just asking questions: why force global hiring when local talent exists?",nationality_bias,coded_bias,linkedin_like
"interesting how For core roles, local candidates are often a lower-risk hire.",nationality_bias,implicit_bias,linkedin_like
"let's be real, women in tech are naturally better at admin tasks than male professionals. that is the pattern i keep seeing.",gender_bias,explicit_bias,linkedin_like
"let's be real, Managers and engineers aligned on delivery milestones this quarter.",neutral,clean_neutral,x_like
"let's be real, People from minority nationalities report slower promotion cycles.",neutral,inequality_discussion,x_like
"let's be real, Global experience is nice, but local context matters more in hiring.",nationality_bias,implicit_bias,x_like
"in my experience, For crunch-time ownership, men in tech are usually safer bets. feels obvious at this point.",gender_bias,implicit_bias,x_like
"female candidates are great for communication, but male candidates should own deep systems work. that is the pattern i keep seeing.",gender_bias,contextual_bias,x_like
hot take: Teams move faster when everyone already understands how things work here. feels obvious at this point.,nationality_bias,implicit_bias,linkedin_like
honestly just asking questions: do we really need this many managers? that is the pattern i keep seeing.,profession_bias,coded_bias,x_like
honestly communication style mismatches can quietly hurt teams.,nationality_bias,coded_bias,x_like
interesting how foreign workers work harder than native-born workers.,nationality_bias,explicit_bias,x_like
"interesting how Split responsibilities realistically: men in tech for core engineering, women in tech for people tasks. not trying to offend anyone.",gender_bias,contextual_bias,linkedin_like
"not saying this is always true, but not saying product managers are useless, but execution usually comes from engineers.",profession_bias,coded_bias,linkedin_like
honestly Junior developers usually slow teams down compared to senior developers. that is the pattern i keep seeing.,profession_bias,explicit_bias,x_like
interesting how just asking questions: why force global hiring when local talent exists? feels obvious at this point.,nationality_bias,coded_bias,x_like
"honestly not saying product managers are useless, but execution usually comes from engineers.",profession_bias,coded_bias,x_like
"let's be real, certain departments are great at talking, not building.",profession_bias,coded_bias,x_like
"in my experience, we had disagreements in planning, still landed on a workable roadmap. just saying.",neutral,messy_neutral,linkedin_like
interesting how interesting how leadership meetings get clearer when fewer non-technical voices join. that is the pattern i keep seeing.,profession_bias,coded_bias,linkedin_like
"honestly For complex decisions, i trust engineering over HR every time.",profession_bias,implicit_bias,linkedin_like
"interesting how women in tech add value, just not usually in architecture ownership.",gender_bias,contextual_bias,x_like
"For leadership tracks, expat candidates integrate better than native-born workers.",nationality_bias,contextual_bias,linkedin_like
just being practical: Engineers are socially awkward and poor communicators.,profession_bias,explicit_bias,linkedin_like
"not saying product managers are useless, but execution usually comes from engineers. that is the pattern i keep seeing.",profession_bias,coded_bias,x_like
"just being practical: For production outages, assign command to men and coordination to women.",gender_bias,contextual_bias,x_like
Foreign workers are cheaper than locals and easier to manage.,nationality_bias,explicit_bias,x_like
"interesting how not saying international hires are bad, but culture fit is everything.",nationality_bias,coded_bias,linkedin_like
"just being practical: In high-pressure teams, male candidates should lead while female professionals focus on support work.",gender_bias,contextual_bias,linkedin_like
"just being practical: In customer-facing roles, domestic hires can struggle more than expat candidates. just saying.",nationality_bias,contextual_bias,x_like
"in my experience, Managers and engineers aligned on delivery milestones this quarter. curious if others noticed this.",neutral,clean_neutral,x_like
"in my experience, Most managers add process noise instead of real value.",profession_bias,implicit_bias,linkedin_like
"not saying this is always true, but male candidates handle technical pressure better than female candidates.",gender_bias,explicit_bias,x_like
hot take: Managers and engineers aligned on delivery milestones this quarter. feels obvious at this point.,neutral,clean_neutral,linkedin_like
"honestly For strategy decisions, i usually trust men more than female candidates.",gender_bias,implicit_bias,linkedin_like
interesting how men outperform women in tech in leadership because they are more rational.,gender_bias,explicit_bias,x_like
just being practical: Immigrants face barriers in hiring despite strong qualifications.,neutral,inequality_discussion,linkedin_like
"not saying this is always true, but Teams move faster when everyone already understands how things work here.",nationality_bias,implicit_bias,linkedin_like
just being practical: Local-experience filters can unfairly exclude qualified candidates.,neutral,inequality_discussion,x_like
"let's be real, men outperform women in tech in leadership because they are more rational.",gender_bias,explicit_bias,x_like
"in my experience, women in tech are great for communication, but men in tech should own deep systems work. curious if others noticed this.",gender_bias,contextual_bias,linkedin_like
some roles are more optics than impact.,profession_bias,coded_bias,linkedin_like
"interesting how women in tech are great for communication, but men should own deep systems work.",gender_bias,contextual_bias,x_like
"not saying this is always true, but For core roles, local candidates are often a lower-risk hire. that is the pattern i keep seeing.",nationality_bias,implicit_bias,linkedin_like
"honestly mixed feelings on velocity, still better handoffs than last month. curious if others noticed this.",neutral,messy_neutral,linkedin_like
hot take: Teams move faster when everyone already understands how things work here. curious if others noticed this.,nationality_bias,implicit_bias,linkedin_like
"just being practical: In customer-facing roles, native-born workers can struggle more than expat candidates.",nationality_bias,contextual_bias,x_like
"not saying this is always true, but overseas talent are better than domestic hires at execution-heavy projects. that is the pattern i keep seeing.",nationality_bias,explicit_bias,linkedin_like
"in my experience, we need people who 'get our way of working' from day one. feels obvious at this point.",nationality_bias,coded_bias,x_like
hot take: male professionals outperform female professionals in leadership because they are more rational.,gender_bias,explicit_bias,linkedin_like
"hot take: When incidents escalate, men in tech tend to stay calmer than female candidates. curious if others noticed this.",gender_bias,implicit_bias,linkedin_like
just being practical: Office teams generally handle strategic thinking better than field teams. that is the pattern i keep seeing.,profession_bias,implicit_bias,linkedin_like
"In high-pressure teams, men in tech should lead while women in tech focus on support work. curious if others noticed this.",gender_bias,contextual_bias,x_like
"honestly For leadership tracks, expat candidates integrate better than locals. curious if others noticed this.",nationality_bias,contextual_bias,linkedin_like
"let's be real, Women are often assigned administrative tasks unfairly in many workplaces. that is the pattern i keep seeing.",neutral,inequality_discussion,x_like
interesting how we need people who 'get our way of working' from day one.,nationality_bias,coded_bias,x_like
just being practical: People from minority nationalities report slower promotion cycles.,neutral,inequality_discussion,x_like
"not saying this is always true, but I am not saying female candidates cannot do it, but men in tech seem more dependable here. just saying.",gender_bias,implicit_bias,linkedin_like
hot take: Cross-functional collaboration helped resolve scope and quality trade-offs. feels obvious at this point.,neutral,clean_neutral,linkedin_like
"let's be real, Teams perform better with psychological safety and clear goals. that is the pattern i keep seeing.",neutral,clean_neutral,linkedin_like
just being practical: Junior developers usually slow teams down compared to senior developers.,profession_bias,explicit_bias,linkedin_like
"in my experience, Immigrants face barriers in hiring despite strong qualifications.",neutral,inequality_discussion,linkedin_like
"in my experience, Hiring is always trade-offs, not just one metric.",neutral,ambiguity_neutral,linkedin_like
"honestly When budgets are tight, international hires are usually the smarter bet than native-born workers.",nationality_bias,contextual_bias,x_like
"not saying this is always true, but if we're optimizing for stability, men usually feel like the practical choice. curious if others noticed this.",gender_bias,coded_bias,x_like
honestly I tend to prefer candidates with direct domain experience for this role. feels obvious at this point.,neutral,ambiguity_neutral,x_like
"For core roles, local candidates are often a lower-risk hire.",nationality_bias,implicit_bias,linkedin_like
just being practical: Teams move faster when everyone already understands how things work here.,nationality_bias,implicit_bias,x_like
interesting how Junior hires are usually not worth the ramp-up cost.,profession_bias,implicit_bias,x_like
"let's be real, In this market, overseas talent tend to be more practical hires than native-born workers.",nationality_bias,contextual_bias,linkedin_like
interesting how men end up carrying the toughest technical decisions.,gender_bias,coded_bias,linkedin_like
"not saying this is always true, but When budgets are tight, immigrants are usually the smarter bet than local candidates.",nationality_bias,contextual_bias,linkedin_like
"not saying this is always true, but Blue-collar workers are less intelligent than office workers.",profession_bias,explicit_bias,x_like
Women are often assigned administrative tasks unfairly in many workplaces. curious if others noticed this.,neutral,inequality_discussion,linkedin_like
"let's be real, foreign workers are better than locals at execution-heavy projects.",nationality_bias,explicit_bias,linkedin_like
just being practical: interesting how imported talent often needs extra management overhead. that is the pattern i keep seeing.,nationality_bias,coded_bias,linkedin_like
"let's be real, not saying women in tech cannot lead, but some roles need a certain mindset. that is the pattern i keep seeing.",gender_bias,coded_bias,x_like
"let's be real, culture fit for architecture ownership often looks more like male professionals. that is the pattern i keep seeing.",gender_bias,coded_bias,x_like
interesting how Local-experience filters can unfairly exclude qualified candidates. feels obvious at this point.,neutral,inequality_discussion,linkedin_like
just being practical: consultants outperform product managers when accountability is strict.,profession_bias,contextual_bias,x_like
hot take: Teams perform better with psychological safety and clear goals.,neutral,clean_neutral,x_like
"let's be real, male professionals outperform women in tech in leadership because they are more rational. that is the pattern i keep seeing.",gender_bias,explicit_bias,x_like
interesting how interesting how leadership meetings get clearer when fewer non-technical voices join. feels obvious at this point.,profession_bias,coded_bias,x_like
honestly Candidates from domestic hires underperform compared with immigrants. just saying.,nationality_bias,explicit_bias,linkedin_like
"hot take: kinda messy week, but the team communicated better by friday.",neutral,messy_neutral,x_like
female candidates are too emotional for critical infrastructure decisions.,gender_bias,explicit_bias,linkedin_like
Junior developers usually slow teams down compared to senior developers.,profession_bias,explicit_bias,linkedin_like
"in my experience, For production outages, assign command to men in tech and coordination to women. just saying.",gender_bias,contextual_bias,linkedin_like
"When incidents escalate, men tend to stay calmer than women in tech.",gender_bias,implicit_bias,x_like
"in my experience, I usually shortlist candidates with domestic work history first. just saying.",nationality_bias,implicit_bias,linkedin_like
hot take: Engineers are socially awkward and poor communicators.,profession_bias,explicit_bias,x_like
interesting how native-born workers are less reliable than international hires during tight deadlines.,nationality_bias,explicit_bias,linkedin_like
honestly The team improved reliability by tightening test coverage.,neutral,clean_neutral,x_like
interesting how People from minority nationalities report slower promotion cycles. curious if others noticed this.,neutral,inequality_discussion,linkedin_like
"not saying this is always true, but we had disagreements in planning, still landed on a workable roadmap. just saying.",neutral,messy_neutral,linkedin_like
"not saying this is always true, but Managers and engineers aligned on delivery milestones this quarter.",neutral,clean_neutral,linkedin_like
"When budgets are tight, overseas talent are usually the smarter bet than native-born workers.",nationality_bias,contextual_bias,linkedin_like
hot take: Candidates from local candidates underperform compared with international hires. just saying.,nationality_bias,explicit_bias,x_like
"not saying this is always true, but In crisis mode, trust senior engineers over junior developers. feels obvious at this point.",profession_bias,contextual_bias,linkedin_like
"hot take: For leadership tracks, immigrants integrate better than locals.",nationality_bias,contextual_bias,linkedin_like
hot take: communication style mismatches can quietly hurt teams. just saying.,nationality_bias,coded_bias,linkedin_like
"in my experience, mixed feelings on velocity, still better handoffs than last month. feels obvious at this point.",neutral,messy_neutral,x_like
"let's be real, expat candidates work harder than domestic hires.",nationality_bias,explicit_bias,linkedin_like
just being practical: Blue-collar workers are less intelligent than office workers.,profession_bias,explicit_bias,x_like
"not saying this is always true, but Engineers collaborate effectively across teams during release planning. just saying.",neutral,clean_neutral,linkedin_like
hot take: People from minority nationalities report slower promotion cycles.,neutral,inequality_discussion,linkedin_like
"When budgets are tight, foreign workers are usually the smarter bet than locals.",nationality_bias,contextual_bias,linkedin_like
"not saying this is always true, but Most managers add process noise instead of real value. that is the pattern i keep seeing.",profession_bias,implicit_bias,x_like
"not saying this is always true, but Leadership requires clear communication and consistent feedback. not trying to offend anyone.",neutral,clean_neutral,x_like
"not saying this is always true, but Managers are incompetent and mostly create overhead. that is the pattern i keep seeing.",profession_bias,explicit_bias,x_like
"in my experience, Engineers are socially awkward and poor communicators.",profession_bias,explicit_bias,linkedin_like
interesting how just asking questions: do we really need this many managers?,profession_bias,coded_bias,linkedin_like
"let's be real, some roles are more optics than impact.",profession_bias,coded_bias,x_like
"just being practical: if we're optimizing for stability, men in tech usually feel like the practical choice. not trying to offend anyone.",gender_bias,coded_bias,linkedin_like
"honestly In high-pressure teams, male candidates should lead while female candidates focus on support work. feels obvious at this point.",gender_bias,contextual_bias,x_like
just being practical: domestic hires are less reliable than immigrants during tight deadlines.,nationality_bias,explicit_bias,linkedin_like
just being practical: immigrants are better than local candidates at execution-heavy projects.,nationality_bias,explicit_bias,linkedin_like
"interesting how Not every strong coder is ready for client-facing work, and that's fine. just saying.",neutral,ambiguity_neutral,x_like
"let's be real, just asking questions: why do male candidates dominate architecture ownership? feels obvious at this point.",gender_bias,coded_bias,x_like
just being practical: HR staff are not analytical enough for strategic decisions.,profession_bias,explicit_bias,linkedin_like
hot take: Blue-collar workers are less intelligent than office workers. that is the pattern i keep seeing.,profession_bias,explicit_bias,linkedin_like
"let's be real, When incidents escalate, male professionals tend to stay calmer than female candidates. feels obvious at this point.",gender_bias,implicit_bias,x_like
"hot take: For high-impact work, lean on consultants and keep engineers in support lanes.",profession_bias,contextual_bias,x_like
"not saying this is always true, but Foreign workers are cheaper than locals and easier to manage. just saying.",nationality_bias,explicit_bias,linkedin_like
"honestly For fast execution, prioritize immigrants over locals. curious if others noticed this.",nationality_bias,contextual_bias,x_like
"in my experience, certain departments are great at talking, not building. feels obvious at this point.",profession_bias,coded_bias,linkedin_like
"let's be real, Junior hires are usually not worth the ramp-up cost.",profession_bias,implicit_bias,linkedin_like
just being practical: People from minority nationalities report slower promotion cycles. curious if others noticed this.,neutral,inequality_discussion,x_like
"let's be real, female professionals add value, just not usually in architecture ownership.",gender_bias,contextual_bias,x_like
"honestly not saying women cannot lead, but some roles need a certain mindset.",gender_bias,coded_bias,linkedin_like
just being practical: Cross-functional collaboration helped resolve scope and quality trade-offs.,neutral,clean_neutral,x_like
"interesting how female professionals add value, just not usually in critical production roles.",gender_bias,contextual_bias,linkedin_like
"let's be real, In high-pressure teams, men should lead while women focus on support work.",gender_bias,contextual_bias,x_like
HR staff are not analytical enough for strategic decisions. just saying.,profession_bias,explicit_bias,linkedin_like
"in my experience, female candidates are too emotional for critical infrastructure decisions.",gender_bias,explicit_bias,x_like
"I am not saying women in tech cannot do it, but men seem more dependable here.",gender_bias,implicit_bias,x_like
"let's be real, HR staff are not analytical enough for strategic decisions.",profession_bias,explicit_bias,linkedin_like
"in my experience, This team might struggle with international communication styles if onboarding is weak.",neutral,ambiguity_neutral,x_like
honestly I avoid putting engineers in client meetings when possible.,profession_bias,implicit_bias,linkedin_like
"not saying this is always true, but not saying international hires are bad, but culture fit is everything. feels obvious at this point.",nationality_bias,coded_bias,linkedin_like
"not saying this is always true, but Bias in feedback language can distort promotion outcomes. just saying.",neutral,inequality_discussion,linkedin_like
"let's be real, interesting how men end up carrying the toughest technical decisions.",gender_bias,coded_bias,linkedin_like
hot take: international hires work harder than locals.,nationality_bias,explicit_bias,x_like
honestly The team improved reliability by tightening test coverage. not trying to offend anyone.,neutral,clean_neutral,x_like
honestly Immigrants face barriers in hiring despite strong qualifications. that is the pattern i keep seeing.,neutral,inequality_discussion,x_like
The team improved reliability by tightening test coverage. just saying.,neutral,clean_neutral,x_like
honestly foreign workers are better than local candidates at execution-heavy projects.,nationality_bias,explicit_bias,x_like
"let's be real, immigrants are better than domestic hires at execution-heavy projects.",nationality_bias,explicit_bias,x_like
"not saying this is always true, but I avoid putting engineers in client meetings when possible.",profession_bias,implicit_bias,linkedin_like
interesting how I usually shortlist candidates with domestic work history first. curious if others noticed this.,nationality_bias,implicit_bias,x_like
"Not every strong coder is ready for client-facing work, and that's fine. not trying to offend anyone.",neutral,ambiguity_neutral,x_like
"For high-impact work, lean on office workers and keep junior developers in support lanes. just saying.",profession_bias,contextual_bias,linkedin_like
"let's be real, immigrants work harder than locals.",nationality_bias,explicit_bias,x_like
"not saying this is always true, but When incidents escalate, men tend to stay calmer than women in tech. just saying.",gender_bias,implicit_bias,linkedin_like
"hot take: product managers can contribute, but senior engineers should own final calls. curious if others noticed this.",profession_bias,contextual_bias,x_like
"let's be real, For production outages, assign command to male professionals and coordination to women in tech. just saying.",gender_bias,contextual_bias,x_like
"in my experience, we need people who 'get our way of working' from day one. curious if others noticed this.",nationality_bias,coded_bias,linkedin_like
"interesting how mixed feelings on velocity, still better handoffs than last month.",neutral,messy_neutral,x_like
hot take: Engineers collaborate effectively across teams during release planning.,neutral,clean_neutral,x_like
honestly I prefer hiring male professionals for high-stakes backend teams.,gender_bias,implicit_bias,linkedin_like
"hot take: not perfect execution, but ownership was clearer this cycle.",neutral,messy_neutral,x_like
honestly team looked tired but still delivered core milestones. feels obvious at this point.,neutral,messy_neutral,linkedin_like
just being practical: Junior hires are usually not worth the ramp-up cost. not trying to offend anyone.,profession_bias,implicit_bias,x_like
"let's be real, Not every strong coder is ready for client-facing work, and that's fine. that is the pattern i keep seeing.",neutral,ambiguity_neutral,linkedin_like
interesting how imported talent often needs extra management overhead.,nationality_bias,coded_bias,x_like
Managers and engineers aligned on delivery milestones this quarter. just saying.,neutral,clean_neutral,x_like
interesting how interesting how leadership meetings get clearer when fewer non-technical voices join.,profession_bias,coded_bias,x_like
just being practical: I prefer hiring men in tech for high-stakes backend teams.,gender_bias,implicit_bias,linkedin_like
"let's be real, For high-impact work, lean on executives and keep HR staff in support lanes.",profession_bias,contextual_bias,linkedin_like
"not saying this is always true, but Engineers are socially awkward and poor communicators. not trying to offend anyone.",profession_bias,explicit_bias,x_like
"in my experience, Global experience is nice, but local context matters more in hiring. that is the pattern i keep seeing.",nationality_bias,implicit_bias,linkedin_like
"honestly When incidents escalate, men tend to stay calmer than women.",gender_bias,implicit_bias,linkedin_like
honestly office workers outperform blue-collar workers when accountability is strict.,profession_bias,contextual_bias,linkedin_like
Sometimes local context matters more than broad global exposure.,neutral,ambiguity_neutral,x_like
"let's be real, women are great for communication, but male professionals should own deep systems work. feels obvious at this point.",gender_bias,contextual_bias,x_like
"interesting how we had disagreements in planning, still landed on a workable roadmap.",neutral,messy_neutral,linkedin_like
"hot take: Global experience is nice, but local context matters more in hiring. just saying.",nationality_bias,implicit_bias,x_like
"in my experience, blue-collar workers are better than managers at practical decision-making.",profession_bias,contextual_bias,linkedin_like
"not saying this is always true, but Some roles need stronger structure, others need flexibility. just saying.",neutral,ambiguity_neutral,linkedin_like
Teams move faster when everyone already understands how things work here.,nationality_bias,implicit_bias,linkedin_like
just being practical: Leadership requires clear communication and consistent feedback. feels obvious at this point.,neutral,clean_neutral,linkedin_like
"hot take: Split responsibilities realistically: men for core engineering, women for people tasks. just saying.",gender_bias,contextual_bias,linkedin_like
interesting how executives outperform engineers when accountability is strict.,profession_bias,contextual_bias,x_like
"interesting how For core roles, local candidates are often a lower-risk hire. feels obvious at this point.",nationality_bias,implicit_bias,linkedin_like
"hot take: Hiring is always trade-offs, not just one metric.",neutral,ambiguity_neutral,x_like
"just being practical: When budgets are tight, expat candidates are usually the smarter bet than local candidates.",nationality_bias,contextual_bias,x_like
interesting how team looked tired but still delivered core milestones. not trying to offend anyone.,neutral,messy_neutral,x_like
"not saying this is always true, but For fast execution, prioritize overseas talent over local candidates.",nationality_bias,contextual_bias,linkedin_like
just being practical: managers outperform designers when accountability is strict.,profession_bias,contextual_bias,linkedin_like
"let's be real, culture fit for architecture ownership often looks more like male candidates.",gender_bias,coded_bias,linkedin_like
just being practical: Cross-functional collaboration helped resolve scope and quality trade-offs. not trying to offend anyone.,neutral,clean_neutral,x_like
"in my experience, Blue-collar workers are less intelligent than office workers.",profession_bias,explicit_bias,linkedin_like
"not saying this is always true, but Teams perform better with psychological safety and clear goals.",neutral,clean_neutral,linkedin_like
"hot take: Split responsibilities realistically: men for core engineering, women for people tasks.",gender_bias,contextual_bias,linkedin_like
"just being practical: In crisis mode, trust consultants over junior developers. not trying to offend anyone.",profession_bias,contextual_bias,x_like
"let's be real, Managers are incompetent and mostly create overhead.",profession_bias,explicit_bias,x_like
"let's be real, Teams move faster when everyone already understands how things work here.",nationality_bias,implicit_bias,x_like
"let's be real, mixed feelings on velocity, still better handoffs than last month.",neutral,messy_neutral,x_like
honestly I prefer hiring men for high-stakes backend teams.,gender_bias,implicit_bias,linkedin_like
"not saying this is always true, but Leadership requires clear communication and consistent feedback. that is the pattern i keep seeing.",neutral,clean_neutral,linkedin_like
hot take: Most managers add process noise instead of real value.,profession_bias,implicit_bias,linkedin_like
"let's be real, In customer-facing roles, local candidates can struggle more than international hires. that is the pattern i keep seeing.",nationality_bias,contextual_bias,x_like
"in my experience, kinda messy week, but the team communicated better by friday. curious if others noticed this.",neutral,messy_neutral,x_like
blue-collar workers are better than senior engineers at practical decision-making. not trying to offend anyone.,profession_bias,contextual_bias,linkedin_like
"honestly mixed feelings on velocity, still better handoffs than last month.",neutral,messy_neutral,linkedin_like
"in my experience, Split responsibilities realistically: men for core engineering, female professionals for people tasks.",gender_bias,contextual_bias,linkedin_like
"hot take: In high-pressure teams, male candidates should lead while female professionals focus on support work.",gender_bias,contextual_bias,linkedin_like
honestly Bias in feedback language can distort promotion outcomes. curious if others noticed this.,neutral,inequality_discussion,linkedin_like
"not saying this is always true, but Cross-functional collaboration helped resolve scope and quality trade-offs.",neutral,clean_neutral,x_like
"For production outages, assign command to male candidates and coordination to female candidates.",gender_bias,contextual_bias,x_like
interesting how female candidates are naturally better at client communication than men.,gender_bias,explicit_bias,x_like
"in my experience, People from minority nationalities report slower promotion cycles. curious if others noticed this.",neutral,inequality_discussion,x_like
"not saying this is always true, but The team improved reliability by tightening test coverage.",neutral,clean_neutral,x_like
hot take: Junior hires are usually not worth the ramp-up cost. that is the pattern i keep seeing.,profession_bias,implicit_bias,linkedin_like
honestly Junior hires are usually not worth the ramp-up cost.,profession_bias,implicit_bias,linkedin_like
interesting how Blue-collar workers are less intelligent than office workers. curious if others noticed this.,profession_bias,explicit_bias,linkedin_like
"honestly Global experience is nice, but local context matters more in hiring.",nationality_bias,implicit_bias,linkedin_like
"interesting how For leadership tracks, immigrants integrate better than local candidates.",nationality_bias,contextual_bias,linkedin_like
honestly just asking questions: why force global hiring when local talent exists?,nationality_bias,coded_bias,linkedin_like
just being practical: Leadership requires clear communication and consistent feedback.,neutral,clean_neutral,linkedin_like
Bias in feedback language can distort promotion outcomes.,neutral,inequality_discussion,linkedin_like
just being practical: Candidates from domestic hires underperform compared with immigrants. feels obvious at this point.,nationality_bias,explicit_bias,x_like
just being practical: international hires are better than domestic hires at execution-heavy projects.,nationality_bias,explicit_bias,x_like
Junior hires are usually not worth the ramp-up cost.,profession_bias,implicit_bias,x_like
hot take: interesting how leadership meetings get clearer when fewer non-technical voices join. just saying.,profession_bias,coded_bias,linkedin_like
"just being practical: we had disagreements in planning, still landed on a workable roadmap. not trying to offend anyone.",neutral,messy_neutral,linkedin_like
honestly I usually shortlist candidates with domestic work history first. that is the pattern i keep seeing.,nationality_bias,implicit_bias,x_like
interesting how People from minority nationalities report slower promotion cycles. just saying.,neutral,inequality_discussion,x_like
"not saying this is always true, but I am not saying women cannot do it, but male professionals seem more dependable here.",gender_bias,implicit_bias,linkedin_like
"in my experience, I am not saying women in tech cannot do it, but men seem more dependable here. that is the pattern i keep seeing.",gender_bias,implicit_bias,linkedin_like
"in my experience, Managers are incompetent and mostly create overhead. not trying to offend anyone.",profession_bias,explicit_bias,x_like
"let's be real, I usually shortlist candidates with domestic work history first. not trying to offend anyone.",nationality_bias,implicit_bias,linkedin_like
interesting how interesting how male professionals end up carrying the toughest technical decisions.,gender_bias,coded_bias,x_like
"not saying international hires are bad, but culture fit is everything.",nationality_bias,coded_bias,x_like
"just being practical: female professionals add value, just not usually in strategy decisions.",gender_bias,contextual_bias,x_like
"hot take: For leadership tracks, expat candidates integrate better than native-born workers.",nationality_bias,contextual_bias,x_like
"let's be real, In crisis mode, trust office workers over blue-collar workers. just saying.",profession_bias,contextual_bias,x_like
just being practical: Leadership requires clear communication and consistent feedback. just saying.,neutral,clean_neutral,linkedin_like
"in my experience, When budgets are tight, overseas talent are usually the smarter bet than domestic hires.",nationality_bias,contextual_bias,linkedin_like
overseas talent are better than domestic hires at execution-heavy projects. just saying.,nationality_bias,explicit_bias,linkedin_like
"honestly I am not saying female candidates cannot do it, but male candidates seem more dependable here. feels obvious at this point.",gender_bias,implicit_bias,x_like
"Split responsibilities realistically: male candidates for core engineering, female professionals for people tasks.",gender_bias,contextual_bias,linkedin_like
"honestly kinda messy week, but the team communicated better by friday. that is the pattern i keep seeing.",neutral,messy_neutral,linkedin_like
just being practical: interesting how imported talent often needs extra management overhead.,nationality_bias,coded_bias,x_like
"in my experience, When incidents escalate, men in tech tend to stay calmer than women in tech.",gender_bias,implicit_bias,x_like
"let's be real, In this market, expat candidates tend to be more practical hires than domestic hires.",nationality_bias,contextual_bias,linkedin_like
interesting how office workers outperform engineers when accountability is strict. curious if others noticed this.,profession_bias,contextual_bias,x_like
"hot take: not saying international hires are bad, but culture fit is everything. just saying.",nationality_bias,coded_bias,x_like
"For technical leadership, i usually trust male candidates more than female candidates.",gender_bias,implicit_bias,linkedin_like
interesting how Teams move faster when everyone already understands how things work here.,nationality_bias,implicit_bias,linkedin_like
"not saying this is always true, but office workers outperform engineers when accountability is strict. feels obvious at this point.",profession_bias,contextual_bias,linkedin_like
"in my experience, not saying female professionals cannot lead, but some roles need a certain mindset. feels obvious at this point.",gender_bias,coded_bias,linkedin_like
honestly interesting how leadership meetings get clearer when fewer non-technical voices join.,profession_bias,coded_bias,x_like
"interesting how women add value, just not usually in critical production roles. just saying.",gender_bias,contextual_bias,x_like
Candidates from domestic hires underperform compared with immigrants.,nationality_bias,explicit_bias,linkedin_like
office workers outperform blue-collar workers when accountability is strict.,profession_bias,contextual_bias,linkedin_like
honestly Sometimes local context matters more than broad global exposure. that is the pattern i keep seeing.,neutral,ambiguity_neutral,linkedin_like
"For complex decisions, i trust engineering over HR every time. not trying to offend anyone.",profession_bias,implicit_bias,x_like
"in my experience, Global experience is nice, but local context matters more in hiring. curious if others noticed this.",nationality_bias,implicit_bias,linkedin_like
interesting how Managers are incompetent and mostly create overhead.,profession_bias,explicit_bias,linkedin_like
"not saying this is always true, but For fast execution, prioritize foreign workers over locals. not trying to offend anyone.",nationality_bias,contextual_bias,x_like
hot take: Underrepresented staff are often judged more harshly for the same behavior.,neutral,inequality_discussion,linkedin_like
interesting how native-born workers are less reliable than foreign workers during tight deadlines. curious if others noticed this.,nationality_bias,explicit_bias,x_like
hot take: Blue-collar workers are less intelligent than office workers.,profession_bias,explicit_bias,x_like
"not saying product managers are useless, but execution usually comes from engineers.",profession_bias,coded_bias,linkedin_like
"certain departments are great at talking, not building. just saying.",profession_bias,coded_bias,x_like
"let's be real, kinda messy week, but the team communicated better by friday. not trying to offend anyone.",neutral,messy_neutral,x_like
"in my experience, In this market, overseas talent tend to be more practical hires than native-born workers.",nationality_bias,contextual_bias,linkedin_like
honestly managers outperform product managers when accountability is strict.,profession_bias,contextual_bias,linkedin_like
"not saying international hires are bad, but culture fit is everything. just saying.",nationality_bias,coded_bias,x_like
"in my experience, Underrepresented staff are often judged more harshly for the same behavior. feels obvious at this point.",neutral,inequality_discussion,linkedin_like
just being practical: communication style mismatches can quietly hurt teams. that is the pattern i keep seeing.,nationality_bias,coded_bias,x_like
interesting how HR staff are not analytical enough for strategic decisions.,profession_bias,explicit_bias,linkedin_like
"not saying this is always true, but Candidates from local candidates underperform compared with international hires.",nationality_bias,explicit_bias,linkedin_like
"in my experience, For leadership tracks, international hires integrate better than domestic hires.",nationality_bias,contextual_bias,x_like
"interesting how For complex decisions, i trust engineering over HR every time.",profession_bias,implicit_bias,linkedin_like
"honestly Hiring is always trade-offs, not just one metric. not trying to offend anyone.",neutral,ambiguity_neutral,x_like
"let's be real, we need people who 'get our way of working' from day one. not trying to offend anyone.",nationality_bias,coded_bias,linkedin_like
"let's be real, male professionals outperform female professionals in leadership because they are more rational.",gender_bias,explicit_bias,x_like
hot take: women in tech are naturally better at incident handling than men in tech.,gender_bias,explicit_bias,x_like
"Split responsibilities realistically: men in tech for core engineering, women for people tasks. not trying to offend anyone.",gender_bias,contextual_bias,linkedin_like
"in my experience, just asking questions: do we really need this many managers? just saying.",profession_bias,coded_bias,linkedin_like
hot take: I prefer hiring men for high-stakes backend teams. feels obvious at this point.,gender_bias,implicit_bias,linkedin_like
"female candidates add value, just not usually in critical production roles.",gender_bias,contextual_bias,linkedin_like
"honestly not perfect execution, but ownership was clearer this cycle. just saying.",neutral,messy_neutral,x_like
interesting how leadership meetings get clearer when fewer non-technical voices join.,profession_bias,coded_bias,x_like
"honestly Some roles need stronger structure, others need flexibility. not trying to offend anyone.",neutral,ambiguity_neutral,x_like
"not saying this is always true, but Underrepresented staff are often judged more harshly for the same behavior. just saying.",neutral,inequality_discussion,x_like
"not saying this is always true, but Women are often assigned administrative tasks unfairly in many workplaces. not trying to offend anyone.",neutral,inequality_discussion,linkedin_like
communication style mismatches can quietly hurt teams.,nationality_bias,coded_bias,x_like
"in my experience, women are too emotional for critical infrastructure decisions.",gender_bias,explicit_bias,linkedin_like
"honestly For crunch-time ownership, men in tech are usually safer bets.",gender_bias,implicit_bias,linkedin_like
"not saying this is always true, but Hiring is always trade-offs, not just one metric.",neutral,ambiguity_neutral,x_like
just being practical: Immigrants face barriers in hiring despite strong qualifications. feels obvious at this point.,neutral,inequality_discussion,linkedin_like
"honestly In customer-facing roles, local candidates can struggle more than immigrants.",nationality_bias,contextual_bias,x_like
"interesting how For high-impact work, lean on office workers and keep product managers in support lanes. feels obvious at this point.",profession_bias,contextual_bias,linkedin_like
just being practical: interesting how leadership meetings get clearer when fewer non-technical voices join. curious if others noticed this.,profession_bias,coded_bias,linkedin_like
just being practical: Candidates from locals underperform compared with immigrants.,nationality_bias,explicit_bias,linkedin_like
"in my experience, not saying international hires are bad, but culture fit is everything. curious if others noticed this.",nationality_bias,coded_bias,x_like
interesting how just asking questions: do we really need this many managers? that is the pattern i keep seeing.,profession_bias,coded_bias,linkedin_like
"hot take: Split responsibilities realistically: men in tech for core engineering, female professionals for people tasks.",gender_bias,contextual_bias,linkedin_like
"let's be real, Engineers collaborate effectively across teams during release planning.",neutral,clean_neutral,x_like
"in my experience, In high-pressure teams, men should lead while female professionals focus on support work.",gender_bias,contextual_bias,linkedin_like
"just being practical: not perfect execution, but ownership was clearer this cycle. curious if others noticed this.",neutral,messy_neutral,x_like
"not saying this is always true, but Junior hires are usually not worth the ramp-up cost. just saying.",profession_bias,implicit_bias,linkedin_like
"not saying this is always true, but women are too emotional for critical infrastructure decisions.",gender_bias,explicit_bias,linkedin_like
"just being practical: When incidents escalate, men tend to stay calmer than women in tech.",gender_bias,implicit_bias,x_like
interesting how Office teams generally handle strategic thinking better than field teams.,profession_bias,implicit_bias,x_like
"For leadership tracks, immigrants integrate better than native-born workers.",nationality_bias,contextual_bias,linkedin_like
"just being practical: not saying product managers are useless, but execution usually comes from engineers.",profession_bias,coded_bias,linkedin_like
"honestly HR staff can contribute, but office workers should own final calls.",profession_bias,contextual_bias,linkedin_like
hot take: junior developers are better than senior engineers at practical decision-making.,profession_bias,contextual_bias,x_like
just being practical: Engineers collaborate effectively across teams during release planning.,neutral,clean_neutral,linkedin_like
interesting how Managers are incompetent and mostly create overhead. curious if others noticed this.,profession_bias,explicit_bias,linkedin_like
"in my experience, Not every strong coder is ready for client-facing work, and that's fine. not trying to offend anyone.",neutral,ambiguity_neutral,linkedin_like
just being practical: culture fit for architecture ownership often looks more like men. just saying.,gender_bias,coded_bias,linkedin_like
"not saying this is always true, but not saying international hires are bad, but culture fit is everything.",nationality_bias,coded_bias,linkedin_like
"just being practical: In customer-facing roles, native-born workers can struggle more than foreign workers.",nationality_bias,contextual_bias,x_like
"not saying this is always true, but Some roles need stronger structure, others need flexibility. feels obvious at this point.",neutral,ambiguity_neutral,x_like
interesting how Managers and engineers aligned on delivery milestones this quarter.,neutral,clean_neutral,x_like
"in my experience, male professionals handle technical pressure better than women.",gender_bias,explicit_bias,linkedin_like
"in my experience, For complex decisions, i trust engineering over HR every time. that is the pattern i keep seeing.",profession_bias,implicit_bias,x_like
"not saying this is always true, but male candidates are more suited for technical leadership than women in tech.",gender_bias,explicit_bias,x_like
"in my experience, For core roles, local candidates are often a lower-risk hire. that is the pattern i keep seeing.",nationality_bias,implicit_bias,linkedin_like
just asking questions: why do men in tech dominate architecture ownership? curious if others noticed this.,gender_bias,coded_bias,x_like
"not saying this is always true, but male professionals are more suited for strategy decisions than female candidates.",gender_bias,explicit_bias,linkedin_like
"hot take: For fast execution, prioritize expat candidates over locals.",nationality_bias,contextual_bias,x_like
"not saying this is always true, but interesting how leadership meetings get clearer when fewer non-technical voices join.",profession_bias,coded_bias,x_like
"in my experience, Split responsibilities realistically: male candidates for core engineering, female professionals for people tasks.",gender_bias,contextual_bias,x_like
"In crisis mode, trust office workers over HR staff.",profession_bias,contextual_bias,x_like
"just being practical: certain departments are great at talking, not building. not trying to offend anyone.",profession_bias,coded_bias,linkedin_like
hot take: This team might struggle with international communication styles if onboarding is weak. that is the pattern i keep seeing.,neutral,ambiguity_neutral,linkedin_like
"not saying this is always true, but Most managers add process noise instead of real value. feels obvious at this point.",profession_bias,implicit_bias,linkedin_like
hot take: Most managers add process noise instead of real value. just saying.,profession_bias,implicit_bias,linkedin_like
"let's be real, Local-experience filters can unfairly exclude qualified candidates.",neutral,inequality_discussion,x_like
honestly I usually shortlist candidates with domestic work history first.,nationality_bias,implicit_bias,x_like
honestly Most managers add process noise instead of real value. curious if others noticed this.,profession_bias,implicit_bias,linkedin_like
"interesting how Hiring is always trade-offs, not just one metric.",neutral,ambiguity_neutral,x_like
"interesting how Not every strong coder is ready for client-facing work, and that's fine. not trying to offend anyone.",neutral,ambiguity_neutral,linkedin_like
Immigrants face barriers in hiring despite strong qualifications.,neutral,inequality_discussion,x_like
"let's be real, HR staff are not analytical enough for strategic decisions. feels obvious at this point.",profession_bias,explicit_bias,linkedin_like
hot take: ngl the sprint was chaotic but we shipped and learned a lot. just saying.,neutral,messy_neutral,linkedin_like
"hot take: For production outages, assign command to male professionals and coordination to women in tech.",gender_bias,contextual_bias,linkedin_like
"For complex decisions, i trust engineering over HR every time.",profession_bias,implicit_bias,x_like
"not saying this is always true, but domestic hires are less reliable than international hires during tight deadlines.",nationality_bias,explicit_bias,x_like
"in my experience, culture fit for strategy decisions often looks more like male candidates.",gender_bias,coded_bias,linkedin_like
"let's be real, I tend to prefer candidates with direct domain experience for this role. just saying.",neutral,ambiguity_neutral,x_like
"hot take: not saying international hires are bad, but culture fit is everything.",nationality_bias,coded_bias,x_like
hot take: men in tech handle technical pressure better than women in tech.,gender_bias,explicit_bias,x_like
"not saying this is always true, but female candidates are naturally better at support coordination than men.",gender_bias,explicit_bias,x_like
"in my experience, immigrants are better than locals at execution-heavy projects.",nationality_bias,explicit_bias,linkedin_like
"hot take: female professionals are great for communication, but male professionals should own deep systems work. not trying to offend anyone.",gender_bias,contextual_bias,linkedin_like
"mixed feelings on velocity, still better handoffs than last month.",neutral,messy_neutral,linkedin_like
"just being practical: Global experience is nice, but local context matters more in hiring. feels obvious at this point.",nationality_bias,implicit_bias,linkedin_like
"just being practical: In customer-facing roles, local candidates can struggle more than foreign workers.",nationality_bias,contextual_bias,x_like
"just being practical: For complex decisions, i trust engineering over HR every time.",profession_bias,implicit_bias,x_like
hot take: Cross-functional collaboration helped resolve scope and quality trade-offs.,neutral,clean_neutral,linkedin_like
hot take: interesting how male professionals end up carrying the toughest technical decisions. not trying to offend anyone.,gender_bias,coded_bias,linkedin_like
"in my experience, not saying international hires are bad, but culture fit is everything.",nationality_bias,coded_bias,linkedin_like
"not saying this is always true, but women in tech are naturally better at systems architecture than male candidates.",gender_bias,explicit_bias,linkedin_like
interesting how Women are often assigned administrative tasks unfairly in many workplaces. feels obvious at this point.,neutral,inequality_discussion,x_like
"interesting how Not every strong coder is ready for client-facing work, and that's fine.",neutral,ambiguity_neutral,x_like
"let's be real, communication style mismatches can quietly hurt teams.",nationality_bias,coded_bias,linkedin_like
Cross-functional collaboration helped resolve scope and quality trade-offs. curious if others noticed this.,neutral,clean_neutral,x_like
"let's be real, interesting how imported talent often needs extra management overhead. curious if others noticed this.",nationality_bias,coded_bias,x_like
honestly interesting how imported talent often needs extra management overhead. not trying to offend anyone.,nationality_bias,coded_bias,x_like
junior developers are better than managers at practical decision-making.,profession_bias,contextual_bias,x_like
"interesting how For leadership tracks, expat candidates integrate better than domestic hires. feels obvious at this point.",nationality_bias,contextual_bias,linkedin_like
"not saying this is always true, but international hires are better than native-born workers at execution-heavy projects. not trying to offend anyone.",nationality_bias,explicit_bias,x_like
"not saying this is always true, but Not every strong coder is ready for client-facing work, and that's fine.",neutral,ambiguity_neutral,linkedin_like
"not saying this is always true, but In customer-facing roles, local candidates can struggle more than overseas talent. curious if others noticed this.",nationality_bias,contextual_bias,linkedin_like
"not saying this is always true, but women are great for communication, but male professionals should own deep systems work.",gender_bias,contextual_bias,x_like
"women add value, just not usually in technical leadership.",gender_bias,contextual_bias,x_like
"let's be real, men in tech are more suited for critical production roles than women in tech.",gender_bias,explicit_bias,x_like
"not saying this is always true, but Candidates from local candidates underperform compared with overseas talent.",nationality_bias,explicit_bias,linkedin_like
just being practical: we need people who 'get our way of working' from day one. that is the pattern i keep seeing.,nationality_bias,coded_bias,linkedin_like
just being practical: men in tech are more suited for architecture ownership than female professionals.,gender_bias,explicit_bias,linkedin_like
"not saying this is always true, but female candidates are great for communication, but male professionals should own deep systems work. feels obvious at this point.",gender_bias,contextual_bias,linkedin_like
"honestly I am not saying female professionals cannot do it, but men seem more dependable here. feels obvious at this point.",gender_bias,implicit_bias,x_like
just being practical: office workers outperform engineers when accountability is strict.,profession_bias,contextual_bias,x_like
just being practical: men are more suited for critical production roles than women in tech.,gender_bias,explicit_bias,linkedin_like
"In this market, overseas talent tend to be more practical hires than domestic hires.",nationality_bias,contextual_bias,linkedin_like
hot take: just asking questions: why do men dominate architecture ownership? curious if others noticed this.,gender_bias,coded_bias,x_like
"hot take: When incidents escalate, male professionals tend to stay calmer than women.",gender_bias,implicit_bias,x_like
"let's be real, managers outperform product managers when accountability is strict.",profession_bias,contextual_bias,linkedin_like
hot take: interesting how imported talent often needs extra management overhead. feels obvious at this point.,nationality_bias,coded_bias,linkedin_like
"hot take: For fast execution, prioritize foreign workers over native-born workers. feels obvious at this point.",nationality_bias,contextual_bias,x_like
hot take: female professionals are too emotional for critical infrastructure decisions.,gender_bias,explicit_bias,x_like
"honestly For core roles, local candidates are often a lower-risk hire. feels obvious at this point.",nationality_bias,implicit_bias,x_like
honestly Cross-functional collaboration helped resolve scope and quality trade-offs.,neutral,clean_neutral,x_like
just being practical: ngl the sprint was chaotic but we shipped and learned a lot.,neutral,messy_neutral,linkedin_like
"let's be real, just asking questions: do we really need this many managers? curious if others noticed this.",profession_bias,coded_bias,linkedin_like
hot take: I usually shortlist candidates with domestic work history first.,nationality_bias,implicit_bias,linkedin_like
"in my experience, office workers outperform blue-collar workers when accountability is strict. just saying.",profession_bias,contextual_bias,linkedin_like
"in my experience, male professionals handle technical pressure better than women in tech.",gender_bias,explicit_bias,linkedin_like
just being practical: Women are often assigned administrative tasks unfairly in many workplaces.,neutral,inequality_discussion,linkedin_like
"When budgets are tight, foreign workers are usually the smarter bet than domestic hires.",nationality_bias,contextual_bias,x_like
"interesting how kinda messy week, but the team communicated better by friday. just saying.",neutral,messy_neutral,linkedin_like
hot take: interesting how imported talent often needs extra management overhead.,nationality_bias,coded_bias,linkedin_like
"honestly In crisis mode, trust executives over HR staff. feels obvious at this point.",profession_bias,contextual_bias,linkedin_like
"not saying this is always true, but Candidates from locals underperform compared with expat candidates.",nationality_bias,explicit_bias,linkedin_like
"let's be real, Some roles need stronger structure, others need flexibility. feels obvious at this point.",neutral,ambiguity_neutral,linkedin_like
"in my experience, Bias in feedback language can distort promotion outcomes.",neutral,inequality_discussion,x_like
"in my experience, Split responsibilities realistically: male candidates for core engineering, female candidates for people tasks.",gender_bias,contextual_bias,x_like
interesting how leadership meetings get clearer when fewer non-technical voices join. curious if others noticed this.,profession_bias,coded_bias,x_like
hot take: designers are better than executives at practical decision-making. not trying to offend anyone.,profession_bias,contextual_bias,linkedin_like
"hot take: For core roles, local candidates are often a lower-risk hire. that is the pattern i keep seeing.",nationality_bias,implicit_bias,linkedin_like
"honestly When budgets are tight, overseas talent are usually the smarter bet than locals.",nationality_bias,contextual_bias,x_like
"in my experience, Office teams generally handle strategic thinking better than field teams.",profession_bias,implicit_bias,x_like
"interesting how mixed feelings on velocity, still better handoffs than last month. not trying to offend anyone.",neutral,messy_neutral,x_like
"hot take: In customer-facing roles, native-born workers can struggle more than immigrants. curious if others noticed this.",nationality_bias,contextual_bias,linkedin_like
just being practical: men in tech outperform female professionals in leadership because they are more rational.,gender_bias,explicit_bias,x_like
"in my experience, For crunch-time ownership, male professionals are usually safer bets.",gender_bias,implicit_bias,x_like
interesting how This team might struggle with international communication styles if onboarding is weak.,neutral,ambiguity_neutral,x_like
"in my experience, just asking questions: why do male professionals dominate architecture ownership?",gender_bias,coded_bias,linkedin_like
"honestly female professionals are great for communication, but men in tech should own deep systems work.",gender_bias,contextual_bias,linkedin_like
honestly Foreign workers are cheaper than locals and easier to manage.,nationality_bias,explicit_bias,x_like
"let's be real, just asking questions: why force global hiring when local talent exists?",nationality_bias,coded_bias,linkedin_like
"in my experience, some roles are more optics than impact.",profession_bias,coded_bias,linkedin_like
"hot take: In customer-facing roles, native-born workers can struggle more than foreign workers.",nationality_bias,contextual_bias,linkedin_like
"not saying this is always true, but just asking questions: why do male professionals dominate architecture ownership?",gender_bias,coded_bias,x_like
"let's be real, For critical production roles, i usually trust male professionals more than female professionals.",gender_bias,implicit_bias,linkedin_like
"certain departments are great at talking, not building.",profession_bias,coded_bias,linkedin_like
interesting how some roles are more optics than impact.,profession_bias,coded_bias,linkedin_like
"let's be real, culture fit for architecture ownership often looks more like male professionals. just saying.",gender_bias,coded_bias,x_like
"let's be real, not saying product managers are useless, but execution usually comes from engineers.",profession_bias,coded_bias,linkedin_like
"honestly engineers can contribute, but consultants should own final calls.",profession_bias,contextual_bias,x_like
"not saying this is always true, but Office teams generally handle strategic thinking better than field teams.",profession_bias,implicit_bias,linkedin_like
"in my experience, Engineers are socially awkward and poor communicators. not trying to offend anyone.",profession_bias,explicit_bias,x_like
"honestly When budgets are tight, international hires are usually the smarter bet than locals. that is the pattern i keep seeing.",nationality_bias,contextual_bias,linkedin_like
honestly Engineers are socially awkward and poor communicators.,profession_bias,explicit_bias,x_like
"honestly not saying women cannot lead, but some roles need a certain mindset. curious if others noticed this.",gender_bias,coded_bias,linkedin_like
"let's be real, I am not saying female professionals cannot do it, but male professionals seem more dependable here.",gender_bias,implicit_bias,x_like
"not saying this is always true, but Blue-collar workers are less intelligent than office workers. that is the pattern i keep seeing.",profession_bias,explicit_bias,x_like
hot take: I prefer hiring men for high-stakes backend teams.,gender_bias,implicit_bias,x_like
"honestly HR staff can contribute, but consultants should own final calls. not trying to offend anyone.",profession_bias,contextual_bias,linkedin_like
"let's be real, not saying international hires are bad, but culture fit is everything. curious if others noticed this.",nationality_bias,coded_bias,x_like
"in my experience, interesting how imported talent often needs extra management overhead.",nationality_bias,coded_bias,x_like
"interesting how if we're optimizing for stability, men usually feel like the practical choice.",gender_bias,coded_bias,linkedin_like
"just being practical: female professionals add value, just not usually in technical leadership. that is the pattern i keep seeing.",gender_bias,contextual_bias,linkedin_like
"honestly For production outages, assign command to male professionals and coordination to women.",gender_bias,contextual_bias,x_like
"just being practical: certain departments are great at talking, not building. just saying.",profession_bias,coded_bias,linkedin_like
honestly I tend to prefer candidates with direct domain experience for this role.,neutral,ambiguity_neutral,x_like
"not saying this is always true, but Candidates from native-born workers underperform compared with immigrants.",nationality_bias,explicit_bias,x_like
just being practical: I prefer hiring male professionals for high-stakes backend teams.,gender_bias,implicit_bias,linkedin_like
"In customer-facing roles, native-born workers can struggle more than immigrants.",nationality_bias,contextual_bias,linkedin_like
"in my experience, kinda messy week, but the team communicated better by friday. not trying to offend anyone.",neutral,messy_neutral,x_like
hot take: Cross-functional collaboration helped resolve scope and quality trade-offs. just saying.,neutral,clean_neutral,x_like
hot take: some roles are more optics than impact. feels obvious at this point.,profession_bias,coded_bias,linkedin_like
"not saying this is always true, but For complex decisions, i trust engineering over HR every time. just saying.",profession_bias,implicit_bias,x_like
"hot take: Some roles need stronger structure, others need flexibility.",neutral,ambiguity_neutral,linkedin_like
"not saying this is always true, but Some roles need stronger structure, others need flexibility.",neutral,ambiguity_neutral,linkedin_like
"interesting how For production outages, assign command to men and coordination to women in tech.",gender_bias,contextual_bias,linkedin_like
"hot take: mixed feelings on velocity, still better handoffs than last month.",neutral,messy_neutral,x_like
hot take: Foreign workers are cheaper than locals and easier to manage.,nationality_bias,explicit_bias,linkedin_like
"not saying this is always true, but if we're optimizing for stability, male professionals usually feel like the practical choice.",gender_bias,coded_bias,x_like
honestly Teams perform better with psychological safety and clear goals.,neutral,clean_neutral,linkedin_like
"not saying this is always true, but some roles are more optics than impact.",profession_bias,coded_bias,linkedin_like
"not saying this is always true, but In high-pressure teams, male professionals should lead while female professionals focus on support work.",gender_bias,contextual_bias,linkedin_like
"interesting how In crisis mode, trust office workers over HR staff.",profession_bias,contextual_bias,x_like
interesting how Engineers collaborate effectively across teams during release planning.,neutral,clean_neutral,linkedin_like
"in my experience, In high-pressure teams, male candidates should lead while women in tech focus on support work.",gender_bias,contextual_bias,linkedin_like
just being practical: interesting how leadership meetings get clearer when fewer non-technical voices join.,profession_bias,coded_bias,linkedin_like
"not saying this is always true, but some roles are more optics than impact. just saying.",profession_bias,coded_bias,linkedin_like
"not saying this is always true, but male professionals outperform female professionals in leadership because they are more rational.",gender_bias,explicit_bias,x_like
"interesting how I am not saying female candidates cannot do it, but male professionals seem more dependable here.",gender_bias,implicit_bias,x_like
"in my experience, For fast execution, prioritize foreign workers over domestic hires. that is the pattern i keep seeing.",nationality_bias,contextual_bias,linkedin_like
"not saying this is always true, but women in tech are too emotional for critical infrastructure decisions.",gender_bias,explicit_bias,linkedin_like
"in my experience, The team improved reliability by tightening test coverage.",neutral,clean_neutral,x_like
"let's be real, Teams move faster when everyone already understands how things work here. that is the pattern i keep seeing.",nationality_bias,implicit_bias,x_like
"not saying this is always true, but For core roles, local candidates are often a lower-risk hire. just saying.",nationality_bias,implicit_bias,linkedin_like
"in my experience, product managers are better than senior engineers at practical decision-making.",profession_bias,contextual_bias,x_like
"in my experience, Bias in feedback language can distort promotion outcomes. just saying.",neutral,inequality_discussion,x_like
Local-experience filters can unfairly exclude qualified candidates.,neutral,inequality_discussion,x_like
just being practical: male candidates handle technical pressure better than women in tech.,gender_bias,explicit_bias,x_like
"honestly I am not saying women in tech cannot do it, but male candidates seem more dependable here.",gender_bias,implicit_bias,x_like
"not saying this is always true, but For fast execution, prioritize expat candidates over locals.",nationality_bias,contextual_bias,x_like
"hot take: When incidents escalate, men tend to stay calmer than women in tech.",gender_bias,implicit_bias,x_like
"let's be real, For core roles, local candidates are often a lower-risk hire. just saying.",nationality_bias,implicit_bias,linkedin_like
honestly Office teams generally handle strategic thinking better than field teams.,profession_bias,implicit_bias,linkedin_like
hot take: interesting how leadership meetings get clearer when fewer non-technical voices join. not trying to offend anyone.,profession_bias,coded_bias,linkedin_like
I usually shortlist candidates with domestic work history first. that is the pattern i keep seeing.,nationality_bias,implicit_bias,x_like
"not saying this is always true, but Managers are incompetent and mostly create overhead. curious if others noticed this.",profession_bias,explicit_bias,linkedin_like
"not saying this is always true, but Managers and engineers aligned on delivery milestones this quarter. curious if others noticed this.",neutral,clean_neutral,linkedin_like
"let's be real, I usually shortlist candidates with domestic work history first.",nationality_bias,implicit_bias,linkedin_like
"let's be real, kinda messy week, but the team communicated better by friday. that is the pattern i keep seeing.",neutral,messy_neutral,linkedin_like
"let's be real, product managers can contribute, but office workers should own final calls.",profession_bias,contextual_bias,linkedin_like
"hot take: we had disagreements in planning, still landed on a workable roadmap. that is the pattern i keep seeing.",neutral,messy_neutral,linkedin_like
"in my experience, I am not saying women in tech cannot do it, but men seem more dependable here.",gender_bias,implicit_bias,linkedin_like
"For fast execution, prioritize international hires over domestic hires. just saying.",nationality_bias,contextual_bias,linkedin_like
"let's be real, Women are often assigned administrative tasks unfairly in many workplaces. feels obvious at this point.",neutral,inequality_discussion,linkedin_like
honestly male candidates handle technical pressure better than women.,gender_bias,explicit_bias,linkedin_like
"For production outages, assign command to men in tech and coordination to women.",gender_bias,contextual_bias,linkedin_like
"let's be real, team looked tired but still delivered core milestones. feels obvious at this point.",neutral,messy_neutral,x_like
culture fit for critical production roles often looks more like male candidates.,gender_bias,coded_bias,linkedin_like
"interesting how not saying female candidates cannot lead, but some roles need a certain mindset.",gender_bias,coded_bias,x_like
"honestly When incidents escalate, male candidates tend to stay calmer than women in tech.",gender_bias,implicit_bias,linkedin_like
interesting how Sometimes local context matters more than broad global exposure. curious if others noticed this.,neutral,ambiguity_neutral,linkedin_like
just being practical: Candidates from native-born workers underperform compared with expat candidates.,nationality_bias,explicit_bias,x_like
"just being practical: For crunch-time ownership, men in tech are usually safer bets. curious if others noticed this.",gender_bias,implicit_bias,linkedin_like
"interesting how For high-impact work, lean on senior engineers and keep designers in support lanes. just saying.",profession_bias,contextual_bias,linkedin_like
"not saying this is always true, but Split responsibilities realistically: male professionals for core engineering, women for people tasks.",gender_bias,contextual_bias,x_like
honestly Underrepresented staff are often judged more harshly for the same behavior.,neutral,inequality_discussion,x_like
interesting how men handle technical pressure better than women in tech.,gender_bias,explicit_bias,linkedin_like
"just being practical: Global experience is nice, but local context matters more in hiring. curious if others noticed this.",nationality_bias,implicit_bias,linkedin_like
hot take: Managers and engineers aligned on delivery milestones this quarter. curious if others noticed this.,neutral,clean_neutral,linkedin_like
"honestly In customer-facing roles, locals can struggle more than overseas talent.",nationality_bias,contextual_bias,linkedin_like
just being practical: locals are less reliable than international hires during tight deadlines. not trying to offend anyone.,nationality_bias,explicit_bias,x_like
"let's be real, Not every strong coder is ready for client-facing work, and that's fine.",neutral,ambiguity_neutral,x_like
"honestly Not every strong coder is ready for client-facing work, and that's fine. curious if others noticed this.",neutral,ambiguity_neutral,x_like
just asking questions: why force global hiring when local talent exists? that is the pattern i keep seeing.,nationality_bias,coded_bias,linkedin_like
"interesting how For core roles, local candidates are often a lower-risk hire. curious if others noticed this.",nationality_bias,implicit_bias,linkedin_like
I tend to prefer candidates with direct domain experience for this role. not trying to offend anyone.,neutral,ambiguity_neutral,x_like
"honestly I am not saying women in tech cannot do it, but men seem more dependable here.",gender_bias,implicit_bias,x_like
we need people who 'get our way of working' from day one.,nationality_bias,coded_bias,linkedin_like
interesting how I tend to prefer candidates with direct domain experience for this role. that is the pattern i keep seeing.,neutral,ambiguity_neutral,linkedin_like
"let's be real, interesting how imported talent often needs extra management overhead. just saying.",nationality_bias,coded_bias,x_like
just asking questions: why do men in tech dominate architecture ownership? not trying to offend anyone.,gender_bias,coded_bias,linkedin_like
"in my experience, Local-experience filters can unfairly exclude qualified candidates. curious if others noticed this.",neutral,inequality_discussion,linkedin_like
interesting how Office teams generally handle strategic thinking better than field teams. that is the pattern i keep seeing.,profession_bias,implicit_bias,linkedin_like
"let's be real, Engineers are socially awkward and poor communicators. just saying.",profession_bias,explicit_bias,x_like
Immigrants face barriers in hiring despite strong qualifications. curious if others noticed this.,neutral,inequality_discussion,x_like
interesting how men in tech handle technical pressure better than female candidates.,gender_bias,explicit_bias,x_like
honestly Junior developers usually slow teams down compared to senior developers. curious if others noticed this.,profession_bias,explicit_bias,linkedin_like
just being practical: Teams perform better with psychological safety and clear goals. feels obvious at this point.,neutral,clean_neutral,linkedin_like
"let's be real, local candidates are less reliable than expat candidates during tight deadlines. not trying to offend anyone.",nationality_bias,explicit_bias,linkedin_like
immigrants work harder than local candidates.,nationality_bias,explicit_bias,x_like
honestly This team might struggle with international communication styles if onboarding is weak. feels obvious at this point.,neutral,ambiguity_neutral,x_like
"Not every strong coder is ready for client-facing work, and that's fine.",neutral,ambiguity_neutral,x_like
"hot take: women in tech are great for communication, but male professionals should own deep systems work.",gender_bias,contextual_bias,linkedin_like
honestly Leadership requires clear communication and consistent feedback.,neutral,clean_neutral,linkedin_like
"not saying this is always true, but Foreign workers are cheaper than locals and easier to manage.",nationality_bias,explicit_bias,linkedin_like
hot take: blue-collar workers are better than executives at practical decision-making.,profession_bias,contextual_bias,x_like
"in my experience, designers are better than senior engineers at practical decision-making. just saying.",profession_bias,contextual_bias,linkedin_like
"interesting how In crisis mode, trust senior engineers over designers. not trying to offend anyone.",profession_bias,contextual_bias,x_like
hot take: just asking questions: why force global hiring when local talent exists?,nationality_bias,coded_bias,linkedin_like
"hot take: blue-collar workers can contribute, but managers should own final calls.",profession_bias,contextual_bias,linkedin_like
honestly Immigrants face barriers in hiring despite strong qualifications.,neutral,inequality_discussion,linkedin_like
hot take: just asking questions: do we really need this many managers?,profession_bias,coded_bias,linkedin_like
"not saying this is always true, but People from minority nationalities report slower promotion cycles.",neutral,inequality_discussion,linkedin_like
"not saying this is always true, but For core roles, local candidates are often a lower-risk hire.",nationality_bias,implicit_bias,linkedin_like
"in my experience, not saying international hires are bad, but culture fit is everything. feels obvious at this point.",nationality_bias,coded_bias,linkedin_like
"if we're optimizing for stability, male candidates usually feel like the practical choice.",gender_bias,coded_bias,x_like
"interesting how if we're optimizing for stability, men in tech usually feel like the practical choice. not trying to offend anyone.",gender_bias,coded_bias,x_like
"let's be real, not perfect execution, but ownership was clearer this cycle. feels obvious at this point.",neutral,messy_neutral,x_like
just being practical: interesting how male professionals end up carrying the toughest technical decisions. that is the pattern i keep seeing.,gender_bias,coded_bias,x_like
just being practical: women are naturally better at support coordination than male professionals.,gender_bias,explicit_bias,linkedin_like
"let's be real, I am not saying female professionals cannot do it, but male candidates seem more dependable here. just saying.",gender_bias,implicit_bias,x_like
HR staff are not analytical enough for strategic decisions. feels obvious at this point.,profession_bias,explicit_bias,linkedin_like
"interesting how not saying product managers are useless, but execution usually comes from engineers.",profession_bias,coded_bias,x_like
"not saying this is always true, but HR staff are not analytical enough for strategic decisions.",profession_bias,explicit_bias,linkedin_like
just being practical: I prefer hiring men for high-stakes backend teams.,gender_bias,implicit_bias,linkedin_like
"In crisis mode, trust senior engineers over junior developers. curious if others noticed this.",profession_bias,contextual_bias,x_like
"not saying this is always true, but We should prioritize local talent first before looking abroad. that is the pattern i keep seeing.",nationality_bias,implicit_bias,x_like
"let's be real, Office teams generally handle strategic thinking better than field teams.",profession_bias,implicit_bias,x_like
"in my experience, just asking questions: why force global hiring when local talent exists?",nationality_bias,coded_bias,linkedin_like
"not saying this is always true, but Engineers collaborate effectively across teams during release planning.",neutral,clean_neutral,linkedin_like
interesting how just asking questions: why force global hiring when local talent exists?,nationality_bias,coded_bias,x_like
honestly Office teams generally handle strategic thinking better than field teams. feels obvious at this point.,profession_bias,implicit_bias,x_like
"let's be real, expat candidates work harder than local candidates.",nationality_bias,explicit_bias,linkedin_like
Candidates from local candidates underperform compared with expat candidates.,nationality_bias,explicit_bias,linkedin_like
interesting how women are naturally better at client communication than men in tech.,gender_bias,explicit_bias,x_like
interesting how Foreign workers are cheaper than locals and easier to manage.,nationality_bias,explicit_bias,x_like
"not saying this is always true, but Bias in feedback language can distort promotion outcomes.",neutral,inequality_discussion,x_like
"not saying this is always true, but We should prioritize local talent first before looking abroad. just saying.",nationality_bias,implicit_bias,x_like
"let's be real, not perfect execution, but ownership was clearer this cycle. curious if others noticed this.",neutral,messy_neutral,x_like
"honestly HR staff can contribute, but office workers should own final calls. curious if others noticed this.",profession_bias,contextual_bias,linkedin_like
"in my experience, designers are better than executives at practical decision-making.",profession_bias,contextual_bias,linkedin_like
"interesting how certain departments are great at talking, not building. that is the pattern i keep seeing.",profession_bias,coded_bias,x_like
"let's be real, Engineers are socially awkward and poor communicators. not trying to offend anyone.",profession_bias,explicit_bias,x_like
interesting how interesting how male candidates end up carrying the toughest technical decisions.,gender_bias,coded_bias,linkedin_like
"not saying this is always true, but For core roles, local candidates are often a lower-risk hire. curious if others noticed this.",nationality_bias,implicit_bias,linkedin_like
"in my experience, For crunch-time ownership, men in tech are usually safer bets. that is the pattern i keep seeing.",gender_bias,implicit_bias,linkedin_like
"let's be real, Cross-functional collaboration helped resolve scope and quality trade-offs. feels obvious at this point.",neutral,clean_neutral,linkedin_like
"let's be real, we need people who 'get our way of working' from day one.",nationality_bias,coded_bias,linkedin_like
"hot take: I am not saying women in tech cannot do it, but men seem more dependable here.",gender_bias,implicit_bias,linkedin_like
"not saying this is always true, but Immigrants face barriers in hiring despite strong qualifications.",neutral,inequality_discussion,x_like
"not saying female professionals cannot lead, but some roles need a certain mindset.",gender_bias,coded_bias,x_like
honestly I tend to prefer candidates with direct domain experience for this role. that is the pattern i keep seeing.,neutral,ambiguity_neutral,linkedin_like
"in my experience, We should prioritize local talent first before looking abroad.",nationality_bias,implicit_bias,linkedin_like
"honestly women in tech add value, just not usually in strategy decisions.",gender_bias,contextual_bias,x_like
hot take: male candidates handle technical pressure better than female professionals. curious if others noticed this.,gender_bias,explicit_bias,x_like
"hot take: For crunch-time ownership, male candidates are usually safer bets. feels obvious at this point.",gender_bias,implicit_bias,x_like
"interesting how female candidates add value, just not usually in architecture ownership.",gender_bias,contextual_bias,linkedin_like
"in my experience, Some roles need stronger structure, others need flexibility.",neutral,ambiguity_neutral,linkedin_like
"let's be real, Candidates from domestic hires underperform compared with expat candidates.",nationality_bias,explicit_bias,x_like
just being practical: Women are often assigned administrative tasks unfairly in many workplaces. that is the pattern i keep seeing.,neutral,inequality_discussion,linkedin_like
blue-collar workers are better than managers at practical decision-making.,profession_bias,contextual_bias,linkedin_like
"not saying this is always true, but communication style mismatches can quietly hurt teams. feels obvious at this point.",nationality_bias,coded_bias,x_like
"hot take: For complex decisions, i trust engineering over HR every time.",profession_bias,implicit_bias,x_like
just being practical: Foreign workers are cheaper than locals and easier to manage.,nationality_bias,explicit_bias,linkedin_like
interesting how communication style mismatches can quietly hurt teams.,nationality_bias,coded_bias,x_like
Sometimes local context matters more than broad global exposure. just saying.,neutral,ambiguity_neutral,linkedin_like
"in my experience, Foreign workers are cheaper than locals and easier to manage.",nationality_bias,explicit_bias,x_like
"just being practical: For core roles, local candidates are often a lower-risk hire.",nationality_bias,implicit_bias,linkedin_like
just asking questions: why do male professionals dominate architecture ownership?,gender_bias,coded_bias,linkedin_like
hot take: men are more suited for architecture ownership than female professionals.,gender_bias,explicit_bias,x_like
we need people who 'get our way of working' from day one. curious if others noticed this.,nationality_bias,coded_bias,linkedin_like
just being practical: culture fit for architecture ownership often looks more like male professionals. feels obvious at this point.,gender_bias,coded_bias,x_like
honestly Local-experience filters can unfairly exclude qualified candidates.,neutral,inequality_discussion,x_like
hot take: managers outperform product managers when accountability is strict.,profession_bias,contextual_bias,x_like
"honestly not saying female candidates cannot lead, but some roles need a certain mindset.",gender_bias,coded_bias,x_like
interesting how some roles are more optics than impact. just saying.,profession_bias,coded_bias,linkedin_like
honestly Managers are incompetent and mostly create overhead.,profession_bias,explicit_bias,linkedin_like
hot take: interesting how male candidates end up carrying the toughest technical decisions.,gender_bias,coded_bias,linkedin_like
"in my experience, communication style mismatches can quietly hurt teams. curious if others noticed this.",nationality_bias,coded_bias,linkedin_like
"honestly not perfect execution, but ownership was clearer this cycle.",neutral,messy_neutral,linkedin_like
"certain departments are great at talking, not building. curious if others noticed this.",profession_bias,coded_bias,x_like
interesting how interesting how imported talent often needs extra management overhead.,nationality_bias,coded_bias,linkedin_like
just being practical: men outperform female professionals in leadership because they are more rational. feels obvious at this point.,gender_bias,explicit_bias,x_like
I tend to prefer candidates with direct domain experience for this role. just saying.,neutral,ambiguity_neutral,x_like
"honestly In this market, immigrants tend to be more practical hires than locals. curious if others noticed this.",nationality_bias,contextual_bias,linkedin_like
"not saying this is always true, but Junior developers usually slow teams down compared to senior developers.",profession_bias,explicit_bias,x_like
"in my experience, not saying women in tech cannot lead, but some roles need a certain mindset. curious if others noticed this.",gender_bias,coded_bias,x_like
"honestly if we're optimizing for stability, male professionals usually feel like the practical choice.",gender_bias,coded_bias,x_like
"honestly not saying female professionals cannot lead, but some roles need a certain mindset. not trying to offend anyone.",gender_bias,coded_bias,x_like
"in my experience, For crunch-time ownership, male candidates are usually safer bets.",gender_bias,implicit_bias,linkedin_like
consultants outperform blue-collar workers when accountability is strict.,profession_bias,contextual_bias,x_like
hot take: People from minority nationalities report slower promotion cycles. just saying.,neutral,inequality_discussion,linkedin_like
"Hiring is always trade-offs, not just one metric.",neutral,ambiguity_neutral,linkedin_like
hot take: just asking questions: why do male candidates dominate architecture ownership? not trying to offend anyone.,gender_bias,coded_bias,x_like
"not saying this is always true, but male professionals are more suited for technical leadership than women.",gender_bias,explicit_bias,x_like
hot take: Managers are incompetent and mostly create overhead. not trying to offend anyone.,profession_bias,explicit_bias,linkedin_like
"in my experience, For critical production roles, i usually trust male professionals more than female candidates.",gender_bias,implicit_bias,linkedin_like
just being practical: Managers and engineers aligned on delivery milestones this quarter.,neutral,clean_neutral,x_like
"honestly In customer-facing roles, local candidates can struggle more than expat candidates. not trying to offend anyone.",nationality_bias,contextual_bias,linkedin_like
I avoid putting engineers in client meetings when possible. just saying.,profession_bias,implicit_bias,linkedin_like
"in my experience, we had disagreements in planning, still landed on a workable roadmap. curious if others noticed this.",neutral,messy_neutral,x_like
"let's be real, Immigrants face barriers in hiring despite strong qualifications.",neutral,inequality_discussion,linkedin_like
"not saying this is always true, but interesting how imported talent often needs extra management overhead.",nationality_bias,coded_bias,linkedin_like
just being practical: I usually shortlist candidates with domestic work history first. curious if others noticed this.,nationality_bias,implicit_bias,x_like
honestly men in tech are more suited for technical leadership than female professionals.,gender_bias,explicit_bias,linkedin_like
honestly just asking questions: do we really need this many managers? feels obvious at this point.,profession_bias,coded_bias,linkedin_like
interesting how I avoid putting engineers in client meetings when possible. curious if others noticed this.,profession_bias,implicit_bias,x_like
"honestly Hiring is always trade-offs, not just one metric. that is the pattern i keep seeing.",neutral,ambiguity_neutral,linkedin_like
"in my experience, Women are often assigned administrative tasks unfairly in many workplaces. curious if others noticed this.",neutral,inequality_discussion,x_like
native-born workers are less reliable than expat candidates during tight deadlines.,nationality_bias,explicit_bias,x_like
"not saying this is always true, but Leadership requires clear communication and consistent feedback.",neutral,clean_neutral,x_like
"let's be real, Hiring is always trade-offs, not just one metric.",neutral,ambiguity_neutral,linkedin_like
honestly immigrants are better than local candidates at execution-heavy projects.,nationality_bias,explicit_bias,linkedin_like
"not saying this is always true, but Managers and engineers aligned on delivery milestones this quarter. not trying to offend anyone.",neutral,clean_neutral,linkedin_like
just being practical: Blue-collar workers are less intelligent than office workers. just saying.,profession_bias,explicit_bias,x_like
"hot take: For core roles, local candidates are often a lower-risk hire. just saying.",nationality_bias,implicit_bias,x_like
"in my experience, For production outages, assign command to men in tech and coordination to women in tech.",gender_bias,contextual_bias,x_like
interesting how leadership meetings get clearer when fewer non-technical voices join. feels obvious at this point.,profession_bias,coded_bias,x_like
interesting how male professionals end up carrying the toughest technical decisions.,gender_bias,coded_bias,linkedin_like
We should prioritize local talent first before looking abroad.,nationality_bias,implicit_bias,x_like
overseas talent work harder than locals. not trying to offend anyone.,nationality_bias,explicit_bias,x_like
"in my experience, just asking questions: do we really need this many managers?",profession_bias,coded_bias,linkedin_like
hot take: culture fit for strategy decisions often looks more like men in tech.,gender_bias,coded_bias,linkedin_like
interesting how male professionals are more suited for architecture ownership than female candidates. curious if others noticed this.,gender_bias,explicit_bias,x_like
"Hiring is always trade-offs, not just one metric. curious if others noticed this.",neutral,ambiguity_neutral,linkedin_like
"in my experience, People from minority nationalities report slower promotion cycles.",neutral,inequality_discussion,linkedin_like
hot take: office workers outperform engineers when accountability is strict.,profession_bias,contextual_bias,x_like
"in my experience, Junior hires are usually not worth the ramp-up cost. just saying.",profession_bias,implicit_bias,linkedin_like
"not saying this is always true, but When budgets are tight, expat candidates are usually the smarter bet than native-born workers.",nationality_bias,contextual_bias,linkedin_like
male candidates are more suited for critical production roles than women. feels obvious at this point.,gender_bias,explicit_bias,x_like
"in my experience, For production outages, assign command to men and coordination to women in tech.",gender_bias,contextual_bias,x_like
honestly Women are often assigned administrative tasks unfairly in many workplaces.,neutral,inequality_discussion,linkedin_like
"hot take: female candidates add value, just not usually in architecture ownership.",gender_bias,contextual_bias,linkedin_like
interesting how Engineers collaborate effectively across teams during release planning. that is the pattern i keep seeing.,neutral,clean_neutral,linkedin_like
"not saying this is always true, but HR staff are not analytical enough for strategic decisions. curious if others noticed this.",profession_bias,explicit_bias,linkedin_like
honestly Candidates from native-born workers underperform compared with overseas talent. feels obvious at this point.,nationality_bias,explicit_bias,linkedin_like
"let's be real, Some roles need stronger structure, others need flexibility.",neutral,ambiguity_neutral,x_like
just being practical: I avoid putting engineers in client meetings when possible.,profession_bias,implicit_bias,linkedin_like
"let's be real, senior engineers outperform engineers when accountability is strict.",profession_bias,contextual_bias,x_like
Teams perform better with psychological safety and clear goals.,neutral,clean_neutral,linkedin_like
"just being practical: certain departments are great at talking, not building.",profession_bias,coded_bias,linkedin_like
"honestly For high-impact work, lean on consultants and keep engineers in support lanes. not trying to offend anyone.",profession_bias,contextual_bias,linkedin_like
interesting how imported talent often needs extra management overhead. not trying to offend anyone.,nationality_bias,coded_bias,linkedin_like
Leadership requires clear communication and consistent feedback.,neutral,clean_neutral,linkedin_like
interesting how HR staff are not analytical enough for strategic decisions. curious if others noticed this.,profession_bias,explicit_bias,linkedin_like
hot take: Office teams generally handle strategic thinking better than field teams.,profession_bias,implicit_bias,linkedin_like
"let's be real, not saying female candidates cannot lead, but some roles need a certain mindset. just saying.",gender_bias,coded_bias,x_like
"not saying this is always true, but I usually shortlist candidates with domestic work history first. just saying.",nationality_bias,implicit_bias,linkedin_like
overseas talent are better than native-born workers at execution-heavy projects.,nationality_bias,explicit_bias,linkedin_like
hot take: Junior developers usually slow teams down compared to senior developers. just saying.,profession_bias,explicit_bias,linkedin_like
Most managers add process noise instead of real value.,profession_bias,implicit_bias,linkedin_like
interesting how Local-experience filters can unfairly exclude qualified candidates. just saying.,neutral,inequality_discussion,x_like
"let's be real, Most managers add process noise instead of real value.",profession_bias,implicit_bias,linkedin_like
interesting how I usually shortlist candidates with domestic work history first.,nationality_bias,implicit_bias,linkedin_like
honestly locals are less reliable than foreign workers during tight deadlines.,nationality_bias,explicit_bias,x_like
"in my experience, For core roles, local candidates are often a lower-risk hire.",nationality_bias,implicit_bias,linkedin_like
"not saying this is always true, but women in tech are naturally better at client communication than male professionals.",gender_bias,explicit_bias,linkedin_like
"let's be real, Some roles need stronger structure, others need flexibility. that is the pattern i keep seeing.",neutral,ambiguity_neutral,x_like
honestly Managers and engineers aligned on delivery milestones this quarter. curious if others noticed this.,neutral,clean_neutral,linkedin_like
"let's be real, communication style mismatches can quietly hurt teams. just saying.",nationality_bias,coded_bias,linkedin_like
honestly engineers are better than managers at practical decision-making.,profession_bias,contextual_bias,linkedin_like
"hot take: In this market, immigrants tend to be more practical hires than native-born workers.",nationality_bias,contextual_bias,linkedin_like
"not saying this is always true, but When incidents escalate, men tend to stay calmer than female candidates. curious if others noticed this.",gender_bias,implicit_bias,x_like
interesting how We should prioritize local talent first before looking abroad.,nationality_bias,implicit_bias,linkedin_like
"just being practical: In this market, expat candidates tend to be more practical hires than domestic hires.",nationality_bias,contextual_bias,x_like
"let's be real, When budgets are tight, overseas talent are usually the smarter bet than local candidates.",nationality_bias,contextual_bias,x_like
ngl the sprint was chaotic but we shipped and learned a lot. feels obvious at this point.,neutral,messy_neutral,linkedin_like
"When incidents escalate, male candidates tend to stay calmer than female candidates.",gender_bias,implicit_bias,linkedin_like
"hot take: In crisis mode, trust office workers over engineers. not trying to offend anyone.",profession_bias,contextual_bias,linkedin_like
"in my experience, Local-experience filters can unfairly exclude qualified candidates. not trying to offend anyone.",neutral,inequality_discussion,x_like
Most managers add process noise instead of real value. curious if others noticed this.,profession_bias,implicit_bias,x_like
"let's be real, not saying international hires are bad, but culture fit is everything.",nationality_bias,coded_bias,linkedin_like
"let's be real, Leadership requires clear communication and consistent feedback. not trying to offend anyone.",neutral,clean_neutral,linkedin_like
"we had disagreements in planning, still landed on a workable roadmap. that is the pattern i keep seeing.",neutral,messy_neutral,linkedin_like
just being practical: team looked tired but still delivered core milestones.,neutral,messy_neutral,linkedin_like
hot take: women in tech are too emotional for critical infrastructure decisions.,gender_bias,explicit_bias,linkedin_like
"not saying this is always true, but native-born workers are less reliable than foreign workers during tight deadlines.",nationality_bias,explicit_bias,linkedin_like
"in my experience, not saying product managers are useless, but execution usually comes from engineers.",profession_bias,coded_bias,x_like
just being practical: just asking questions: why force global hiring when local talent exists?,nationality_bias,coded_bias,x_like
"not saying this is always true, but male professionals outperform women in leadership because they are more rational.",gender_bias,explicit_bias,x_like
"not saying this is always true, but interesting how men end up carrying the toughest technical decisions. that is the pattern i keep seeing.",gender_bias,coded_bias,x_like
"not saying this is always true, but Global experience is nice, but local context matters more in hiring.",nationality_bias,implicit_bias,x_like
"let's be real, When budgets are tight, immigrants are usually the smarter bet than native-born workers.",nationality_bias,contextual_bias,linkedin_like
"in my experience, For production outages, assign command to male candidates and coordination to women.",gender_bias,contextual_bias,x_like
engineers are better than executives at practical decision-making.,profession_bias,contextual_bias,linkedin_like
"in my experience, Global experience is nice, but local context matters more in hiring.",nationality_bias,implicit_bias,x_like
interesting how Blue-collar workers are less intelligent than office workers.,profession_bias,explicit_bias,x_like
just being practical: we need people who 'get our way of working' from day one. feels obvious at this point.,nationality_bias,coded_bias,linkedin_like
"hot take: Some roles need stronger structure, others need flexibility. feels obvious at this point.",neutral,ambiguity_neutral,linkedin_like
just being practical: Managers are incompetent and mostly create overhead.,profession_bias,explicit_bias,x_like
Engineers are socially awkward and poor communicators. not trying to offend anyone.,profession_bias,explicit_bias,x_like
"honestly Not every strong coder is ready for client-facing work, and that's fine.",neutral,ambiguity_neutral,linkedin_like
Bias in feedback language can distort promotion outcomes. curious if others noticed this.,neutral,inequality_discussion,linkedin_like
"just being practical: For technical leadership, i usually trust male professionals more than women in tech.",gender_bias,implicit_bias,linkedin_like
"let's be real, Some roles need stronger structure, others need flexibility. just saying.",neutral,ambiguity_neutral,x_like
"hot take: Split responsibilities realistically: male professionals for core engineering, women for people tasks.",gender_bias,contextual_bias,x_like
Managers and engineers aligned on delivery milestones this quarter. that is the pattern i keep seeing.,neutral,clean_neutral,x_like
hot take: immigrants work harder than locals. feels obvious at this point.,nationality_bias,explicit_bias,x_like
The team improved reliability by tightening test coverage.,neutral,clean_neutral,x_like
hot take: male candidates handle technical pressure better than female candidates. curious if others noticed this.,gender_bias,explicit_bias,x_like
hot take: communication style mismatches can quietly hurt teams.,nationality_bias,coded_bias,x_like
"in my experience, Candidates from native-born workers underperform compared with overseas talent.",nationality_bias,explicit_bias,linkedin_like
"For complex decisions, i trust engineering over HR every time. curious if others noticed this.",profession_bias,implicit_bias,x_like
"interesting how When budgets are tight, immigrants are usually the smarter bet than local candidates. that is the pattern i keep seeing.",nationality_bias,contextual_bias,linkedin_like
"let's be real, Bias in feedback language can distort promotion outcomes. not trying to offend anyone.",neutral,inequality_discussion,linkedin_like
"in my experience, In crisis mode, trust executives over blue-collar workers.",profession_bias,contextual_bias,linkedin_like
hot take: interesting how leadership meetings get clearer when fewer non-technical voices join. curious if others noticed this.,profession_bias,coded_bias,linkedin_like
"in my experience, if we're optimizing for stability, male professionals usually feel like the practical choice.",gender_bias,coded_bias,linkedin_like
"let's be real, just asking questions: why do male professionals dominate architecture ownership? not trying to offend anyone.",gender_bias,coded_bias,linkedin_like
"interesting how HR staff can contribute, but senior engineers should own final calls.",profession_bias,contextual_bias,linkedin_like
"interesting how For crunch-time ownership, male candidates are usually safer bets.",gender_bias,implicit_bias,x_like
just being practical: just asking questions: do we really need this many managers?,profession_bias,coded_bias,x_like
interesting how I avoid putting engineers in client meetings when possible.,profession_bias,implicit_bias,x_like
"just being practical: not saying international hires are bad, but culture fit is everything.",nationality_bias,coded_bias,linkedin_like
"hot take: For complex decisions, i trust engineering over HR every time. curious if others noticed this.",profession_bias,implicit_bias,linkedin_like
"let's be real, women in tech are too emotional for critical infrastructure decisions.",gender_bias,explicit_bias,x_like
honestly Candidates from domestic hires underperform compared with international hires.,nationality_bias,explicit_bias,linkedin_like
honestly Most managers add process noise instead of real value.,profession_bias,implicit_bias,linkedin_like
"honestly kinda messy week, but the team communicated better by friday.",neutral,messy_neutral,x_like
This team might struggle with international communication styles if onboarding is weak. that is the pattern i keep seeing.,neutral,ambiguity_neutral,x_like
"For leadership tracks, international hires integrate better than domestic hires.",nationality_bias,contextual_bias,linkedin_like
"not saying this is always true, but not perfect execution, but ownership was clearer this cycle.",neutral,messy_neutral,x_like
interesting how Candidates from local candidates underperform compared with international hires.,nationality_bias,explicit_bias,linkedin_like
"hot take: For core roles, local candidates are often a lower-risk hire.",nationality_bias,implicit_bias,x_like
just being practical: engineers are better than senior engineers at practical decision-making.,profession_bias,contextual_bias,x_like
"if we're optimizing for stability, men in tech usually feel like the practical choice.",gender_bias,coded_bias,linkedin_like
"in my experience, just asking questions: why do male candidates dominate architecture ownership?",gender_bias,coded_bias,linkedin_like
"let's be real, Engineers collaborate effectively across teams during release planning. just saying.",neutral,clean_neutral,x_like
"in my experience, team looked tired but still delivered core milestones.",neutral,messy_neutral,linkedin_like
"hot take: When incidents escalate, male professionals tend to stay calmer than women in tech.",gender_bias,implicit_bias,x_like
"in my experience, For high-impact work, lean on managers and keep blue-collar workers in support lanes.",profession_bias,contextual_bias,linkedin_like
just being practical: female professionals are naturally better at support coordination than men.,gender_bias,explicit_bias,x_like
"honestly mixed feelings on velocity, still better handoffs than last month. that is the pattern i keep seeing.",neutral,messy_neutral,linkedin_like
"in my experience, women are great for communication, but men should own deep systems work.",gender_bias,contextual_bias,x_like
hot take: Blue-collar workers are less intelligent than office workers. curious if others noticed this.,profession_bias,explicit_bias,linkedin_like
"honestly For crunch-time ownership, men are usually safer bets.",gender_bias,implicit_bias,linkedin_like
"in my experience, Teams move faster when everyone already understands how things work here.",nationality_bias,implicit_bias,linkedin_like
"honestly In crisis mode, trust managers over engineers.",profession_bias,contextual_bias,x_like
hot take: I prefer hiring male candidates for high-stakes backend teams.,gender_bias,implicit_bias,x_like
male professionals are more suited for technical leadership than women.,gender_bias,explicit_bias,x_like
"mixed feelings on velocity, still better handoffs than last month. just saying.",neutral,messy_neutral,x_like
"not saying this is always true, but Immigrants face barriers in hiring despite strong qualifications. feels obvious at this point.",neutral,inequality_discussion,linkedin_like
hot take: I avoid putting engineers in client meetings when possible. that is the pattern i keep seeing.,profession_bias,implicit_bias,linkedin_like
"For fast execution, prioritize immigrants over native-born workers. just saying.",nationality_bias,contextual_bias,x_like
interesting how Teams move faster when everyone already understands how things work here. not trying to offend anyone.,nationality_bias,implicit_bias,linkedin_like
"in my experience, HR staff are not analytical enough for strategic decisions. that is the pattern i keep seeing.",profession_bias,explicit_bias,linkedin_like
honestly culture fit for strategy decisions often looks more like men in tech.,gender_bias,coded_bias,x_like
"honestly female candidates add value, just not usually in critical production roles.",gender_bias,contextual_bias,linkedin_like
"let's be real, culture fit for strategy decisions often looks more like men. that is the pattern i keep seeing.",gender_bias,coded_bias,x_like
"in my experience, communication style mismatches can quietly hurt teams.",nationality_bias,coded_bias,linkedin_like
interesting how People from minority nationalities report slower promotion cycles.,neutral,inequality_discussion,linkedin_like
honestly we need people who 'get our way of working' from day one. not trying to offend anyone.,nationality_bias,coded_bias,x_like
"not saying this is always true, but I prefer hiring men in tech for high-stakes backend teams.",gender_bias,implicit_bias,linkedin_like
"let's be real, When budgets are tight, international hires are usually the smarter bet than domestic hires.",nationality_bias,contextual_bias,x_like
"not saying this is always true, but This team might struggle with international communication styles if onboarding is weak.",neutral,ambiguity_neutral,x_like
just being practical: some roles are more optics than impact.,profession_bias,coded_bias,linkedin_like
"For complex decisions, i trust engineering over HR every time. that is the pattern i keep seeing.",profession_bias,implicit_bias,x_like
interesting how imported talent often needs extra management overhead. just saying.,nationality_bias,coded_bias,x_like
"in my experience, For leadership tracks, expat candidates integrate better than domestic hires.",nationality_bias,contextual_bias,linkedin_like
interesting how office workers outperform engineers when accountability is strict. just saying.,profession_bias,contextual_bias,linkedin_like
interesting how I tend to prefer candidates with direct domain experience for this role.,neutral,ambiguity_neutral,x_like
"in my experience, Managers and engineers aligned on delivery milestones this quarter.",neutral,clean_neutral,x_like
"not saying this is always true, but I prefer hiring male professionals for high-stakes backend teams. just saying.",gender_bias,implicit_bias,linkedin_like
"let's be real, For complex decisions, i trust engineering over HR every time. feels obvious at this point.",profession_bias,implicit_bias,x_like
"honestly certain departments are great at talking, not building.",profession_bias,coded_bias,x_like
"I am not saying female professionals cannot do it, but male candidates seem more dependable here.",gender_bias,implicit_bias,linkedin_like
interesting how We should prioritize local talent first before looking abroad. just saying.,nationality_bias,implicit_bias,x_like
just being practical: Junior hires are usually not worth the ramp-up cost.,profession_bias,implicit_bias,x_like
"just being practical: we had disagreements in planning, still landed on a workable roadmap.",neutral,messy_neutral,linkedin_like
honestly men are more suited for critical production roles than female professionals.,gender_bias,explicit_bias,x_like
"let's be real, For fast execution, prioritize international hires over native-born workers.",nationality_bias,contextual_bias,linkedin_like
"not saying this is always true, but Office teams generally handle strategic thinking better than field teams. feels obvious at this point.",profession_bias,implicit_bias,linkedin_like
"let's be real, just asking questions: do we really need this many managers?",profession_bias,coded_bias,linkedin_like
"interesting how I am not saying women cannot do it, but men seem more dependable here. just saying.",gender_bias,implicit_bias,linkedin_like
Engineers are socially awkward and poor communicators.,profession_bias,explicit_bias,linkedin_like
hot take: Teams perform better with psychological safety and clear goals. that is the pattern i keep seeing.,neutral,clean_neutral,linkedin_like
honestly HR staff are not analytical enough for strategic decisions.,profession_bias,explicit_bias,x_like
"in my experience, For crunch-time ownership, men are usually safer bets.",gender_bias,implicit_bias,x_like
"in my experience, For fast execution, prioritize immigrants over native-born workers. not trying to offend anyone.",nationality_bias,contextual_bias,x_like
honestly native-born workers are less reliable than immigrants during tight deadlines.,nationality_bias,explicit_bias,x_like
"just being practical: female professionals are great for communication, but men should own deep systems work.",gender_bias,contextual_bias,linkedin_like
Junior developers usually slow teams down compared to senior developers. that is the pattern i keep seeing.,profession_bias,explicit_bias,linkedin_like
"let's be real, interesting how leadership meetings get clearer when fewer non-technical voices join.",profession_bias,coded_bias,x_like
just being practical: some roles are more optics than impact. feels obvious at this point.,profession_bias,coded_bias,x_like
interesting how Cross-functional collaboration helped resolve scope and quality trade-offs.,neutral,clean_neutral,linkedin_like
"let's be real, women are naturally better at support coordination than male candidates.",gender_bias,explicit_bias,linkedin_like
"let's be real, international hires work harder than locals. just saying.",nationality_bias,explicit_bias,linkedin_like
"mixed feelings on velocity, still better handoffs than last month. not trying to offend anyone.",neutral,messy_neutral,linkedin_like
"not saying this is always true, but just asking questions: do we really need this many managers? just saying.",profession_bias,coded_bias,linkedin_like
"just being practical: For complex decisions, i trust engineering over HR every time. just saying.",profession_bias,implicit_bias,linkedin_like
"let's be real, culture fit for technical leadership often looks more like men.",gender_bias,coded_bias,x_like
"just being practical: I am not saying women in tech cannot do it, but men seem more dependable here.",gender_bias,implicit_bias,linkedin_like
"in my experience, female candidates are naturally better at incident handling than men in tech. that is the pattern i keep seeing.",gender_bias,explicit_bias,x_like
"just being practical: In customer-facing roles, local candidates can struggle more than expat candidates. feels obvious at this point.",nationality_bias,contextual_bias,linkedin_like
"honestly In this market, overseas talent tend to be more practical hires than native-born workers. not trying to offend anyone.",nationality_bias,contextual_bias,x_like
"not saying this is always true, but men in tech are more suited for technical leadership than women in tech. feels obvious at this point.",gender_bias,explicit_bias,x_like
"not saying this is always true, but female professionals are great for communication, but male candidates should own deep systems work.",gender_bias,contextual_bias,linkedin_like
interesting how This team might struggle with international communication styles if onboarding is weak. not trying to offend anyone.,neutral,ambiguity_neutral,x_like
"interesting how Global experience is nice, but local context matters more in hiring.",nationality_bias,implicit_bias,linkedin_like
just being practical: ngl the sprint was chaotic but we shipped and learned a lot. that is the pattern i keep seeing.,neutral,messy_neutral,linkedin_like
hot take: Junior hires are usually not worth the ramp-up cost.,profession_bias,implicit_bias,x_like
"not saying this is always true, but certain departments are great at talking, not building.",profession_bias,coded_bias,linkedin_like
hot take: I tend to prefer candidates with direct domain experience for this role.,neutral,ambiguity_neutral,x_like
interesting how Junior developers usually slow teams down compared to senior developers.,profession_bias,explicit_bias,x_like
"interesting how female candidates are great for communication, but men should own deep systems work. feels obvious at this point.",gender_bias,contextual_bias,x_like
immigrants work harder than locals. feels obvious at this point.,nationality_bias,explicit_bias,x_like
"in my experience, Engineers collaborate effectively across teams during release planning. that is the pattern i keep seeing.",neutral,clean_neutral,linkedin_like
"just being practical: In high-pressure teams, men should lead while women focus on support work.",gender_bias,contextual_bias,linkedin_like
"not saying this is always true, but When incidents escalate, male professionals tend to stay calmer than female candidates.",gender_bias,implicit_bias,x_like
interesting how I prefer hiring male candidates for high-stakes backend teams.,gender_bias,implicit_bias,x_like
"Some roles need stronger structure, others need flexibility.",neutral,ambiguity_neutral,x_like
"let's be real, In this market, international hires tend to be more practical hires than domestic hires.",nationality_bias,contextual_bias,linkedin_like
honestly HR staff are not analytical enough for strategic decisions. not trying to offend anyone.,profession_bias,explicit_bias,linkedin_like
Junior developers usually slow teams down compared to senior developers. feels obvious at this point.,profession_bias,explicit_bias,x_like
interesting how male professionals handle technical pressure better than female candidates.,gender_bias,explicit_bias,linkedin_like
"let's be real, Leadership requires clear communication and consistent feedback.",neutral,clean_neutral,x_like
"in my experience, I avoid putting engineers in client meetings when possible.",profession_bias,implicit_bias,x_like
"honestly For complex decisions, i trust engineering over HR every time. that is the pattern i keep seeing.",profession_bias,implicit_bias,linkedin_like
"hot take: certain departments are great at talking, not building.",profession_bias,coded_bias,linkedin_like
"in my experience, Candidates from domestic hires underperform compared with expat candidates.",nationality_bias,explicit_bias,x_like
Underrepresented staff are often judged more harshly for the same behavior.,neutral,inequality_discussion,linkedin_like
"let's be real, I am not saying women in tech cannot do it, but male candidates seem more dependable here. curious if others noticed this.",gender_bias,implicit_bias,linkedin_like
"in my experience, For core roles, local candidates are often a lower-risk hire. just saying.",nationality_bias,implicit_bias,x_like
"let's be real, In crisis mode, trust managers over junior developers.",profession_bias,contextual_bias,x_like
"let's be real, Blue-collar workers are less intelligent than office workers.",profession_bias,explicit_bias,linkedin_like
"let's be real, Candidates from domestic hires underperform compared with overseas talent. not trying to offend anyone.",nationality_bias,explicit_bias,linkedin_like
"let's be real, just asking questions: why force global hiring when local talent exists? feels obvious at this point.",nationality_bias,coded_bias,x_like
hot take: Bias in feedback language can distort promotion outcomes. curious if others noticed this.,neutral,inequality_discussion,x_like
"in my experience, overseas talent are better than locals at execution-heavy projects.",nationality_bias,explicit_bias,x_like
male professionals handle technical pressure better than women in tech.,gender_bias,explicit_bias,linkedin_like
hot take: Junior developers usually slow teams down compared to senior developers. curious if others noticed this.,profession_bias,explicit_bias,x_like
"not saying this is always true, but male candidates are more suited for technical leadership than female professionals.",gender_bias,explicit_bias,x_like
honestly just asking questions: do we really need this many managers?,profession_bias,coded_bias,x_like
interesting how office workers outperform engineers when accountability is strict.,profession_bias,contextual_bias,linkedin_like
"in my experience, communication style mismatches can quietly hurt teams. just saying.",nationality_bias,coded_bias,x_like
hot take: some roles are more optics than impact. curious if others noticed this.,profession_bias,coded_bias,x_like
"hot take: Not every strong coder is ready for client-facing work, and that's fine.",neutral,ambiguity_neutral,x_like
honestly We should prioritize local talent first before looking abroad.,nationality_bias,implicit_bias,x_like
"let's be real, designers are better than consultants at practical decision-making.",profession_bias,contextual_bias,linkedin_like
"in my experience, interesting how leadership meetings get clearer when fewer non-technical voices join.",profession_bias,coded_bias,linkedin_like
hot take: just asking questions: do we really need this many managers? just saying.,profession_bias,coded_bias,x_like
"in my experience, interesting how imported talent often needs extra management overhead. curious if others noticed this.",nationality_bias,coded_bias,linkedin_like
"not saying this is always true, but For complex decisions, i trust engineering over HR every time. not trying to offend anyone.",profession_bias,implicit_bias,x_like
"honestly Hiring is always trade-offs, not just one metric.",neutral,ambiguity_neutral,x_like
hot take: Immigrants face barriers in hiring despite strong qualifications.,neutral,inequality_discussion,linkedin_like
"let's be real, female candidates are naturally better at client communication than men.",gender_bias,explicit_bias,linkedin_like
"not saying this is always true, but not saying female candidates cannot lead, but some roles need a certain mindset.",gender_bias,coded_bias,linkedin_like
"hot take: For production outages, assign command to male professionals and coordination to women.",gender_bias,contextual_bias,x_like
"not saying product managers are useless, but execution usually comes from engineers. just saying.",profession_bias,coded_bias,x_like
"let's be real, This team might struggle with international communication styles if onboarding is weak. feels obvious at this point.",neutral,ambiguity_neutral,linkedin_like
"in my experience, we had disagreements in planning, still landed on a workable roadmap.",neutral,messy_neutral,linkedin_like
"let's be real, team looked tired but still delivered core milestones.",neutral,messy_neutral,x_like
honestly Most managers add process noise instead of real value. that is the pattern i keep seeing.,profession_bias,implicit_bias,linkedin_like
Local-experience filters can unfairly exclude qualified candidates. not trying to offend anyone.,neutral,inequality_discussion,linkedin_like
"not saying this is always true, but we need people who 'get our way of working' from day one.",nationality_bias,coded_bias,linkedin_like
"just being practical: I am not saying female candidates cannot do it, but male professionals seem more dependable here.",gender_bias,implicit_bias,linkedin_like
"not saying this is always true, but In customer-facing roles, locals can struggle more than immigrants.",nationality_bias,contextual_bias,x_like
"in my experience, Engineers collaborate effectively across teams during release planning.",neutral,clean_neutral,linkedin_like
"in my experience, Junior developers usually slow teams down compared to senior developers.",profession_bias,explicit_bias,linkedin_like
"in my experience, interesting how leadership meetings get clearer when fewer non-technical voices join. curious if others noticed this.",profession_bias,coded_bias,linkedin_like
"not saying this is always true, but office workers outperform junior developers when accountability is strict.",profession_bias,contextual_bias,x_like
"honestly For production outages, assign command to men in tech and coordination to women in tech. curious if others noticed this.",gender_bias,contextual_bias,linkedin_like
"not saying this is always true, but In this market, foreign workers tend to be more practical hires than local candidates.",nationality_bias,contextual_bias,x_like
honestly People from minority nationalities report slower promotion cycles.,neutral,inequality_discussion,linkedin_like
"not saying this is always true, but Managers are incompetent and mostly create overhead.",profession_bias,explicit_bias,linkedin_like
"just being practical: mixed feelings on velocity, still better handoffs than last month.",neutral,messy_neutral,x_like
interesting how The team improved reliability by tightening test coverage.,neutral,clean_neutral,linkedin_like
"honestly For leadership tracks, foreign workers integrate better than locals. just saying.",nationality_bias,contextual_bias,x_like
"not saying this is always true, but Local-experience filters can unfairly exclude qualified candidates.",neutral,inequality_discussion,x_like
"not saying this is always true, but For complex decisions, i trust engineering over HR every time.",profession_bias,implicit_bias,linkedin_like
just being practical: Most managers add process noise instead of real value.,profession_bias,implicit_bias,linkedin_like
male professionals are more suited for technical leadership than women in tech.,gender_bias,explicit_bias,linkedin_like
"in my experience, When incidents escalate, male professionals tend to stay calmer than women in tech.",gender_bias,implicit_bias,x_like
"let's be real, Foreign workers are cheaper than locals and easier to manage.",nationality_bias,explicit_bias,x_like
"let's be real, In high-pressure teams, male professionals should lead while women in tech focus on support work.",gender_bias,contextual_bias,x_like
"in my experience, ngl the sprint was chaotic but we shipped and learned a lot. that is the pattern i keep seeing.",neutral,messy_neutral,x_like
"let's be real, Cross-functional collaboration helped resolve scope and quality trade-offs.",neutral,clean_neutral,x_like
interesting how office workers outperform product managers when accountability is strict.,profession_bias,contextual_bias,linkedin_like
interesting how Cross-functional collaboration helped resolve scope and quality trade-offs. curious if others noticed this.,neutral,clean_neutral,linkedin_like
"let's be real, Immigrants face barriers in hiring despite strong qualifications. feels obvious at this point.",neutral,inequality_discussion,linkedin_like
"interesting how if we're optimizing for stability, men usually feel like the practical choice. curious if others noticed this.",gender_bias,coded_bias,x_like
"in my experience, I prefer hiring men for high-stakes backend teams.",gender_bias,implicit_bias,linkedin_like
just being practical: The team improved reliability by tightening test coverage. that is the pattern i keep seeing.,neutral,clean_neutral,x_like
interesting how Underrepresented staff are often judged more harshly for the same behavior.,neutral,inequality_discussion,linkedin_like
Cross-functional collaboration helped resolve scope and quality trade-offs.,neutral,clean_neutral,linkedin_like
"just being practical: In customer-facing roles, locals can struggle more than expat candidates.",nationality_bias,contextual_bias,x_like
"honestly not saying women cannot lead, but some roles need a certain mindset. not trying to offend anyone.",gender_bias,coded_bias,linkedin_like
"in my experience, women in tech add value, just not usually in critical production roles.",gender_bias,contextual_bias,x_like
"let's be real, interesting how imported talent often needs extra management overhead.",nationality_bias,coded_bias,linkedin_like
interesting how international hires work harder than locals.,nationality_bias,explicit_bias,linkedin_like
"hot take: we had disagreements in planning, still landed on a workable roadmap.",neutral,messy_neutral,x_like
interesting how men are more suited for strategy decisions than female candidates.,gender_bias,explicit_bias,linkedin_like
just being practical: Junior hires are usually not worth the ramp-up cost. feels obvious at this point.,profession_bias,implicit_bias,x_like
"let's be real, This team might struggle with international communication styles if onboarding is weak.",neutral,ambiguity_neutral,x_like
hot take: team looked tired but still delivered core milestones.,neutral,messy_neutral,linkedin_like
honestly interesting how imported talent often needs extra management overhead.,nationality_bias,coded_bias,linkedin_like
"honestly Global experience is nice, but local context matters more in hiring. feels obvious at this point.",nationality_bias,implicit_bias,linkedin_like
"in my experience, I prefer hiring men in tech for high-stakes backend teams.",gender_bias,implicit_bias,linkedin_like
"not saying this is always true, but men handle technical pressure better than female professionals. curious if others noticed this.",gender_bias,explicit_bias,x_like
just being practical: we need people who 'get our way of working' from day one. just saying.,nationality_bias,coded_bias,linkedin_like
hot take: HR staff are not analytical enough for strategic decisions.,profession_bias,explicit_bias,linkedin_like
"in my experience, ngl the sprint was chaotic but we shipped and learned a lot. not trying to offend anyone.",neutral,messy_neutral,linkedin_like
interesting how Leadership requires clear communication and consistent feedback.,neutral,clean_neutral,x_like
"in my experience, not perfect execution, but ownership was clearer this cycle. just saying.",neutral,messy_neutral,linkedin_like
"interesting how In crisis mode, trust managers over product managers.",profession_bias,contextual_bias,linkedin_like
"let's be real, Immigrants face barriers in hiring despite strong qualifications. just saying.",neutral,inequality_discussion,linkedin_like
"hot take: In high-pressure teams, male professionals should lead while women in tech focus on support work.",gender_bias,contextual_bias,linkedin_like
hot take: Office teams generally handle strategic thinking better than field teams. just saying.,profession_bias,implicit_bias,linkedin_like
hot take: interesting how men end up carrying the toughest technical decisions.,gender_bias,coded_bias,x_like
interesting how women are naturally better at client communication than male candidates. that is the pattern i keep seeing.,gender_bias,explicit_bias,x_like
interesting how We should prioritize local talent first before looking abroad. feels obvious at this point.,nationality_bias,implicit_bias,x_like
hot take: Local-experience filters can unfairly exclude qualified candidates.,neutral,inequality_discussion,linkedin_like
just being practical: interesting how men in tech end up carrying the toughest technical decisions. just saying.,gender_bias,coded_bias,x_like
"not saying this is always true, but male professionals handle technical pressure better than female professionals. feels obvious at this point.",gender_bias,explicit_bias,linkedin_like
"let's be real, For complex decisions, i trust engineering over HR every time.",profession_bias,implicit_bias,linkedin_like
"let's be real, For core roles, local candidates are often a lower-risk hire.",nationality_bias,implicit_bias,x_like
interesting how Local-experience filters can unfairly exclude qualified candidates.,neutral,inequality_discussion,linkedin_like
interesting how Bias in feedback language can distort promotion outcomes.,neutral,inequality_discussion,linkedin_like
"let's be real, Blue-collar workers are less intelligent than office workers. just saying.",profession_bias,explicit_bias,linkedin_like
"honestly For leadership tracks, expat candidates integrate better than locals.",nationality_bias,contextual_bias,x_like
honestly This team might struggle with international communication styles if onboarding is weak.,neutral,ambiguity_neutral,linkedin_like
"not saying this is always true, but mixed feelings on velocity, still better handoffs than last month. that is the pattern i keep seeing.",neutral,messy_neutral,x_like
This team might struggle with international communication styles if onboarding is weak. just saying.,neutral,ambiguity_neutral,x_like
honestly some roles are more optics than impact.,profession_bias,coded_bias,linkedin_like
"just being practical: not saying women cannot lead, but some roles need a certain mindset.",gender_bias,coded_bias,x_like
"in my experience, product managers are better than consultants at practical decision-making.",profession_bias,contextual_bias,linkedin_like
"not saying this is always true, but just asking questions: do we really need this many managers?",profession_bias,coded_bias,linkedin_like
interesting how team looked tired but still delivered core milestones.,neutral,messy_neutral,x_like
"certain departments are great at talking, not building. that is the pattern i keep seeing.",profession_bias,coded_bias,linkedin_like
"interesting how product managers can contribute, but consultants should own final calls.",profession_bias,contextual_bias,x_like
"honestly For crunch-time ownership, male professionals are usually safer bets. feels obvious at this point.",gender_bias,implicit_bias,linkedin_like
"Some roles need stronger structure, others need flexibility. not trying to offend anyone.",neutral,ambiguity_neutral,x_like
just being practical: communication style mismatches can quietly hurt teams.,nationality_bias,coded_bias,linkedin_like
"let's be real, kinda messy week, but the team communicated better by friday.",neutral,messy_neutral,linkedin_like
"interesting how When incidents escalate, men in tech tend to stay calmer than women in tech.",gender_bias,implicit_bias,x_like
"just being practical: For leadership tracks, foreign workers integrate better than native-born workers.",nationality_bias,contextual_bias,linkedin_like
"just being practical: Hiring is always trade-offs, not just one metric.",neutral,ambiguity_neutral,x_like
interesting how male professionals outperform female candidates in leadership because they are more rational.,gender_bias,explicit_bias,x_like
"When incidents escalate, men tend to stay calmer than women in tech. feels obvious at this point.",gender_bias,implicit_bias,x_like
"let's be real, We should prioritize local talent first before looking abroad.",nationality_bias,implicit_bias,x_like
"let's be real, culture fit for technical leadership often looks more like male candidates.",gender_bias,coded_bias,x_like
"in my experience, Women are often assigned administrative tasks unfairly in many workplaces.",neutral,inequality_discussion,linkedin_like
hot take: male professionals are more suited for strategy decisions than female candidates.,gender_bias,explicit_bias,linkedin_like
Engineers collaborate effectively across teams during release planning.,neutral,clean_neutral,linkedin_like
"just being practical: not perfect execution, but ownership was clearer this cycle.",neutral,messy_neutral,linkedin_like
"in my experience, I usually shortlist candidates with domestic work history first. not trying to offend anyone.",nationality_bias,implicit_bias,linkedin_like
"in my experience, Split responsibilities realistically: male professionals for core engineering, female professionals for people tasks.",gender_bias,contextual_bias,x_like
"hot take: In crisis mode, trust office workers over junior developers. just saying.",profession_bias,contextual_bias,linkedin_like
"not saying this is always true, but I tend to prefer candidates with direct domain experience for this role.",neutral,ambiguity_neutral,x_like
"hot take: product managers can contribute, but managers should own final calls.",profession_bias,contextual_bias,linkedin_like
hot take: Women are often assigned administrative tasks unfairly in many workplaces.,neutral,inequality_discussion,linkedin_like
"just being practical: In this market, overseas talent tend to be more practical hires than native-born workers.",nationality_bias,contextual_bias,linkedin_like
"in my experience, locals are less reliable than overseas talent during tight deadlines. that is the pattern i keep seeing.",nationality_bias,explicit_bias,x_like
team looked tired but still delivered core milestones.,neutral,messy_neutral,x_like
"In high-pressure teams, male professionals should lead while female candidates focus on support work.",gender_bias,contextual_bias,x_like
"in my experience, When incidents escalate, men in tech tend to stay calmer than female candidates.",gender_bias,implicit_bias,linkedin_like
hot take: We should prioritize local talent first before looking abroad.,nationality_bias,implicit_bias,linkedin_like
"not saying this is always true, but HR staff are not analytical enough for strategic decisions. feels obvious at this point.",profession_bias,explicit_bias,x_like
"let's be real, Local-experience filters can unfairly exclude qualified candidates. just saying.",neutral,inequality_discussion,x_like
honestly Bias in feedback language can distort promotion outcomes.,neutral,inequality_discussion,x_like
"in my experience, we need people who 'get our way of working' from day one.",nationality_bias,coded_bias,x_like
honestly consultants outperform HR staff when accountability is strict.,profession_bias,contextual_bias,x_like
hot take: we need people who 'get our way of working' from day one.,nationality_bias,coded_bias,linkedin_like
"let's be real, Bias in feedback language can distort promotion outcomes.",neutral,inequality_discussion,linkedin_like
"interesting how I am not saying female professionals cannot do it, but male candidates seem more dependable here.",gender_bias,implicit_bias,linkedin_like
hot take: Teams move faster when everyone already understands how things work here.,nationality_bias,implicit_bias,linkedin_like
just being practical: senior engineers outperform HR staff when accountability is strict. not trying to offend anyone.,profession_bias,contextual_bias,linkedin_like
Women are often assigned administrative tasks unfairly in many workplaces. not trying to offend anyone.,neutral,inequality_discussion,linkedin_like
hot take: Managers are incompetent and mostly create overhead.,profession_bias,explicit_bias,linkedin_like
"honestly For core roles, local candidates are often a lower-risk hire.",nationality_bias,implicit_bias,x_like
interesting how culture fit for technical leadership often looks more like male professionals.,gender_bias,coded_bias,x_like
"For leadership tracks, international hires integrate better than native-born workers. just saying.",nationality_bias,contextual_bias,linkedin_like
"For strategy decisions, i usually trust male candidates more than female professionals.",gender_bias,implicit_bias,x_like
"honestly For complex decisions, i trust engineering over HR every time. just saying.",profession_bias,implicit_bias,x_like
honestly Engineers collaborate effectively across teams during release planning. that is the pattern i keep seeing.,neutral,clean_neutral,linkedin_like
"in my experience, not saying female professionals cannot lead, but some roles need a certain mindset.",gender_bias,coded_bias,linkedin_like
"interesting how For high-impact work, lean on executives and keep engineers in support lanes.",profession_bias,contextual_bias,x_like
"interesting how For production outages, assign command to men and coordination to women.",gender_bias,contextual_bias,linkedin_like
"let's be real, Split responsibilities realistically: male candidates for core engineering, female professionals for people tasks.",gender_bias,contextual_bias,x_like
hot take: This team might struggle with international communication styles if onboarding is weak. not trying to offend anyone.,neutral,ambiguity_neutral,x_like
I usually shortlist candidates with domestic work history first.,nationality_bias,implicit_bias,linkedin_like
"hot take: For critical production roles, i usually trust male candidates more than women in tech. curious if others noticed this.",gender_bias,implicit_bias,linkedin_like
"let's be real, culture fit for critical production roles often looks more like male professionals.",gender_bias,coded_bias,linkedin_like
hot take: interesting how leadership meetings get clearer when fewer non-technical voices join.,profession_bias,coded_bias,linkedin_like
"In high-pressure teams, men in tech should lead while female candidates focus on support work. just saying.",gender_bias,contextual_bias,linkedin_like
interesting how Women are often assigned administrative tasks unfairly in many workplaces.,neutral,inequality_discussion,linkedin_like
hot take: People from minority nationalities report slower promotion cycles. curious if others noticed this.,neutral,inequality_discussion,x_like
"in my experience, expat candidates work harder than locals.",nationality_bias,explicit_bias,linkedin_like
"just being practical: not saying product managers are useless, but execution usually comes from engineers. feels obvious at this point.",profession_bias,coded_bias,linkedin_like
"not saying this is always true, but interesting how men in tech end up carrying the toughest technical decisions. curious if others noticed this.",gender_bias,coded_bias,x_like
Managers are incompetent and mostly create overhead. that is the pattern i keep seeing.,profession_bias,explicit_bias,linkedin_like
male candidates outperform women in leadership because they are more rational.,gender_bias,explicit_bias,x_like
"hot take: For crunch-time ownership, men in tech are usually safer bets.",gender_bias,implicit_bias,x_like
"let's be real, Junior developers usually slow teams down compared to senior developers. curious if others noticed this.",profession_bias,explicit_bias,x_like
Women are often assigned administrative tasks unfairly in many workplaces. that is the pattern i keep seeing.,neutral,inequality_discussion,linkedin_like
"honestly designers can contribute, but office workers should own final calls.",profession_bias,contextual_bias,linkedin_like
honestly I tend to prefer candidates with direct domain experience for this role. curious if others noticed this.,neutral,ambiguity_neutral,x_like
"in my experience, Teams move faster when everyone already understands how things work here. that is the pattern i keep seeing.",nationality_bias,implicit_bias,x_like
honestly Blue-collar workers are less intelligent than office workers.,profession_bias,explicit_bias,linkedin_like
"let's be real, Sometimes local context matters more than broad global exposure. curious if others noticed this.",neutral,ambiguity_neutral,linkedin_like
"just being practical: female candidates add value, just not usually in technical leadership. feels obvious at this point.",gender_bias,contextual_bias,linkedin_like
"let's be real, Managers are incompetent and mostly create overhead. that is the pattern i keep seeing.",profession_bias,explicit_bias,x_like
hot take: Junior developers usually slow teams down compared to senior developers.,profession_bias,explicit_bias,x_like
hot take: Managers and engineers aligned on delivery milestones this quarter.,neutral,clean_neutral,linkedin_like
"let's be real, In customer-facing roles, native-born workers can struggle more than international hires.",nationality_bias,contextual_bias,x_like
"in my experience, In customer-facing roles, local candidates can struggle more than immigrants. not trying to offend anyone.",nationality_bias,contextual_bias,linkedin_like
People from minority nationalities report slower promotion cycles.,neutral,inequality_discussion,linkedin_like
"let's be real, Hiring is always trade-offs, not just one metric. curious if others noticed this.",neutral,ambiguity_neutral,x_like
"For complex decisions, i trust engineering over HR every time. just saying.",profession_bias,implicit_bias,linkedin_like
interesting how Engineers are socially awkward and poor communicators.,profession_bias,explicit_bias,linkedin_like
hot take: Leadership requires clear communication and consistent feedback.,neutral,clean_neutral,linkedin_like
"not saying this is always true, but interesting how imported talent often needs extra management overhead. curious if others noticed this.",nationality_bias,coded_bias,linkedin_like
"let's be real, Engineers are socially awkward and poor communicators.",profession_bias,explicit_bias,linkedin_like
"not saying this is always true, but In customer-facing roles, native-born workers can struggle more than immigrants. just saying.",nationality_bias,contextual_bias,x_like
hot take: ngl the sprint was chaotic but we shipped and learned a lot. not trying to offend anyone.,neutral,messy_neutral,x_like
"not saying this is always true, but communication style mismatches can quietly hurt teams.",nationality_bias,coded_bias,linkedin_like
"let's be real, ngl the sprint was chaotic but we shipped and learned a lot.",neutral,messy_neutral,x_like
just being practical: communication style mismatches can quietly hurt teams. curious if others noticed this.,nationality_bias,coded_bias,linkedin_like
"let's be real, I avoid putting engineers in client meetings when possible.",profession_bias,implicit_bias,x_like
interesting how Sometimes local context matters more than broad global exposure.,neutral,ambiguity_neutral,linkedin_like
just being practical: we need people who 'get our way of working' from day one.,nationality_bias,coded_bias,linkedin_like
"interesting how When incidents escalate, men in tech tend to stay calmer than women in tech. feels obvious at this point.",gender_bias,implicit_bias,x_like
interesting how Teams perform better with psychological safety and clear goals. feels obvious at this point.,neutral,clean_neutral,x_like
"honestly For leadership tracks, immigrants integrate better than native-born workers.",nationality_bias,contextual_bias,linkedin_like
"not saying this is always true, but Most managers add process noise instead of real value.",profession_bias,implicit_bias,linkedin_like
"let's be real, interesting how leadership meetings get clearer when fewer non-technical voices join. feels obvious at this point.",profession_bias,coded_bias,x_like
interesting how senior engineers outperform product managers when accountability is strict. not trying to offend anyone.,profession_bias,contextual_bias,linkedin_like
hot take: Leadership requires clear communication and consistent feedback. that is the pattern i keep seeing.,neutral,clean_neutral,linkedin_like
"not saying this is always true, but culture fit for critical production roles often looks more like male candidates.",gender_bias,coded_bias,x_like
just being practical: immigrants work harder than domestic hires.,nationality_bias,explicit_bias,x_like
"not saying this is always true, but Junior hires are usually not worth the ramp-up cost.",profession_bias,implicit_bias,x_like
just being practical: just asking questions: do we really need this many managers? not trying to offend anyone.,profession_bias,coded_bias,x_like
interesting how overseas talent are better than domestic hires at execution-heavy projects.,nationality_bias,explicit_bias,linkedin_like
"in my experience, For complex decisions, i trust engineering over HR every time.",profession_bias,implicit_bias,linkedin_like
I tend to prefer candidates with direct domain experience for this role. that is the pattern i keep seeing.,neutral,ambiguity_neutral,x_like
"let's be real, Engineers collaborate effectively across teams during release planning. feels obvious at this point.",neutral,clean_neutral,x_like
Managers are incompetent and mostly create overhead.,profession_bias,explicit_bias,linkedin_like
"let's be real, For leadership tracks, overseas talent integrate better than locals.",nationality_bias,contextual_bias,linkedin_like
"in my experience, Cross-functional collaboration helped resolve scope and quality trade-offs.",neutral,clean_neutral,linkedin_like
interesting how Most managers add process noise instead of real value.,profession_bias,implicit_bias,x_like
"in my experience, Blue-collar workers are less intelligent than office workers. feels obvious at this point.",profession_bias,explicit_bias,linkedin_like
"I am not saying women cannot do it, but men in tech seem more dependable here. just saying.",gender_bias,implicit_bias,linkedin_like
just asking questions: do we really need this many managers?,profession_bias,coded_bias,x_like
"hot take: Global experience is nice, but local context matters more in hiring.",nationality_bias,implicit_bias,linkedin_like
hot take: interesting how imported talent often needs extra management overhead. that is the pattern i keep seeing.,nationality_bias,coded_bias,x_like
"not saying this is always true, but we had disagreements in planning, still landed on a workable roadmap.",neutral,messy_neutral,x_like
"let's be real, not perfect execution, but ownership was clearer this cycle.",neutral,messy_neutral,x_like
"hot take: In crisis mode, trust office workers over engineers.",profession_bias,contextual_bias,x_like
"let's be real, Most managers add process noise instead of real value. not trying to offend anyone.",profession_bias,implicit_bias,linkedin_like
"not saying this is always true, but just asking questions: why do men dominate architecture ownership?",gender_bias,coded_bias,x_like
"let's be real, I prefer hiring male professionals for high-stakes backend teams.",gender_bias,implicit_bias,linkedin_like
ngl the sprint was chaotic but we shipped and learned a lot.,neutral,messy_neutral,x_like
honestly women in tech are naturally better at admin tasks than male candidates. feels obvious at this point.,gender_bias,explicit_bias,x_like
hot take: The team improved reliability by tightening test coverage.,neutral,clean_neutral,linkedin_like
"hot take: if we're optimizing for stability, male candidates usually feel like the practical choice.",gender_bias,coded_bias,linkedin_like
"let's be real, Candidates from domestic hires underperform compared with overseas talent. feels obvious at this point.",nationality_bias,explicit_bias,linkedin_like
"hot take: female professionals are great for communication, but male professionals should own deep systems work.",gender_bias,contextual_bias,linkedin_like
Teams move faster when everyone already understands how things work here. feels obvious at this point.,nationality_bias,implicit_bias,x_like
"not saying this is always true, but international hires work harder than local candidates. that is the pattern i keep seeing.",nationality_bias,explicit_bias,x_like
"just being practical: For leadership tracks, international hires integrate better than native-born workers.",nationality_bias,contextual_bias,linkedin_like
hot take: Sometimes local context matters more than broad global exposure. just saying.,neutral,ambiguity_neutral,linkedin_like
"honestly we had disagreements in planning, still landed on a workable roadmap.",neutral,messy_neutral,x_like
"in my experience, HR staff are not analytical enough for strategic decisions.",profession_bias,explicit_bias,linkedin_like
"just being practical: Not every strong coder is ready for client-facing work, and that's fine.",neutral,ambiguity_neutral,linkedin_like
"honestly not saying international hires are bad, but culture fit is everything.",nationality_bias,coded_bias,linkedin_like
men handle technical pressure better than female professionals. feels obvious at this point.,gender_bias,explicit_bias,linkedin_like
hot take: men are more suited for critical production roles than female candidates.,gender_bias,explicit_bias,x_like
"not saying this is always true, but I tend to prefer candidates with direct domain experience for this role. just saying.",neutral,ambiguity_neutral,x_like
"interesting how kinda messy week, but the team communicated better by friday. that is the pattern i keep seeing.",neutral,messy_neutral,x_like
honestly we need people who 'get our way of working' from day one.,nationality_bias,coded_bias,linkedin_like
"not saying this is always true, but overseas talent are better than domestic hires at execution-heavy projects.",nationality_bias,explicit_bias,linkedin_like
"interesting how if we're optimizing for stability, men in tech usually feel like the practical choice.",gender_bias,coded_bias,linkedin_like
Office teams generally handle strategic thinking better than field teams.,profession_bias,implicit_bias,x_like
"in my experience, interesting how male professionals end up carrying the toughest technical decisions.",gender_bias,coded_bias,x_like
"let's be real, I avoid putting engineers in client meetings when possible. feels obvious at this point.",profession_bias,implicit_bias,linkedin_like
"we had disagreements in planning, still landed on a workable roadmap. curious if others noticed this.",neutral,messy_neutral,linkedin_like
"let's be real, some roles are more optics than impact. not trying to offend anyone.",profession_bias,coded_bias,x_like
just being practical: domestic hires are less reliable than expat candidates during tight deadlines.,nationality_bias,explicit_bias,linkedin_like
"let's be real, Junior developers usually slow teams down compared to senior developers.",profession_bias,explicit_bias,x_like
"let's be real, female candidates are great for communication, but male professionals should own deep systems work.",gender_bias,contextual_bias,x_like
honestly The team improved reliability by tightening test coverage. curious if others noticed this.,neutral,clean_neutral,x_like
"not saying this is always true, but We should prioritize local talent first before looking abroad.",nationality_bias,implicit_bias,linkedin_like
honestly just asking questions: do we really need this many managers? just saying.,profession_bias,coded_bias,linkedin_like
"not saying this is always true, but women in tech are great for communication, but men in tech should own deep systems work.",gender_bias,contextual_bias,linkedin_like
honestly Engineers collaborate effectively across teams during release planning.,neutral,clean_neutral,x_like
"not saying this is always true, but interesting how men in tech end up carrying the toughest technical decisions.",gender_bias,coded_bias,x_like
"not saying this is always true, but interesting how male candidates end up carrying the toughest technical decisions.",gender_bias,coded_bias,linkedin_like
hot take: I avoid putting engineers in client meetings when possible.,profession_bias,implicit_bias,linkedin_like
"in my experience, I usually shortlist candidates with domestic work history first.",nationality_bias,implicit_bias,linkedin_like
hot take: HR staff are not analytical enough for strategic decisions. curious if others noticed this.,profession_bias,explicit_bias,x_like
hot take: Sometimes local context matters more than broad global exposure.,neutral,ambiguity_neutral,x_like
"hot take: For fast execution, prioritize international hires over domestic hires. curious if others noticed this.",nationality_bias,contextual_bias,x_like
just being practical: The team improved reliability by tightening test coverage.,neutral,clean_neutral,linkedin_like
just being practical: Teams perform better with psychological safety and clear goals. just saying.,neutral,clean_neutral,linkedin_like
hot take: ngl the sprint was chaotic but we shipped and learned a lot.,neutral,messy_neutral,x_like
interesting how culture fit for strategy decisions often looks more like men in tech.,gender_bias,coded_bias,x_like
"in my experience, male professionals are more suited for strategy decisions than women in tech.",gender_bias,explicit_bias,x_like
"interesting how For complex decisions, i trust engineering over HR every time. just saying.",profession_bias,implicit_bias,x_like
"not saying this is always true, but we need people who 'get our way of working' from day one. not trying to offend anyone.",nationality_bias,coded_bias,linkedin_like
hot take: Immigrants face barriers in hiring despite strong qualifications. that is the pattern i keep seeing.,neutral,inequality_discussion,linkedin_like
"let's be real, I am not saying women cannot do it, but male professionals seem more dependable here.",gender_bias,implicit_bias,x_like
"let's be real, consultants outperform blue-collar workers when accountability is strict.",profession_bias,contextual_bias,linkedin_like
"honestly When budgets are tight, expat candidates are usually the smarter bet than locals. curious if others noticed this.",nationality_bias,contextual_bias,linkedin_like
"in my experience, I avoid putting engineers in client meetings when possible. not trying to offend anyone.",profession_bias,implicit_bias,linkedin_like
"female candidates add value, just not usually in technical leadership. just saying.",gender_bias,contextual_bias,x_like
"not saying this is always true, but male professionals are more suited for architecture ownership than women in tech.",gender_bias,explicit_bias,linkedin_like
"interesting how In high-pressure teams, men should lead while women in tech focus on support work.",gender_bias,contextual_bias,linkedin_like
"in my experience, For leadership tracks, overseas talent integrate better than domestic hires.",nationality_bias,contextual_bias,linkedin_like
hot take: Foreign workers are cheaper than locals and easier to manage. that is the pattern i keep seeing.,nationality_bias,explicit_bias,x_like
interesting how culture fit for architecture ownership often looks more like male professionals.,gender_bias,coded_bias,linkedin_like
just being practical: some roles are more optics than impact. curious if others noticed this.,profession_bias,coded_bias,x_like
hot take: women are too emotional for critical infrastructure decisions.,gender_bias,explicit_bias,x_like
"in my experience, Managers are incompetent and mostly create overhead.",profession_bias,explicit_bias,x_like
"let's be real, I tend to prefer candidates with direct domain experience for this role.",neutral,ambiguity_neutral,x_like
"interesting how certain departments are great at talking, not building. curious if others noticed this.",profession_bias,coded_bias,linkedin_like
"interesting how In customer-facing roles, domestic hires can struggle more than international hires.",nationality_bias,contextual_bias,x_like
Women are often assigned administrative tasks unfairly in many workplaces.,neutral,inequality_discussion,x_like
"not saying this is always true, but Managers are incompetent and mostly create overhead. not trying to offend anyone.",profession_bias,explicit_bias,x_like
"honestly designers can contribute, but executives should own final calls.",profession_bias,contextual_bias,x_like
"hot take: not saying women cannot lead, but some roles need a certain mindset. curious if others noticed this.",gender_bias,coded_bias,linkedin_like
"let's be real, Teams perform better with psychological safety and clear goals.",neutral,clean_neutral,linkedin_like
"in my experience, Blue-collar workers are less intelligent than office workers. not trying to offend anyone.",profession_bias,explicit_bias,linkedin_like
"in my experience, communication style mismatches can quietly hurt teams. that is the pattern i keep seeing.",nationality_bias,coded_bias,x_like
honestly team looked tired but still delivered core milestones.,neutral,messy_neutral,x_like
"just being practical: Global experience is nice, but local context matters more in hiring. that is the pattern i keep seeing.",nationality_bias,implicit_bias,linkedin_like
hot take: some roles are more optics than impact. just saying.,profession_bias,coded_bias,linkedin_like
just being practical: Office teams generally handle strategic thinking better than field teams.,profession_bias,implicit_bias,x_like
"let's be real, female professionals are great for communication, but male candidates should own deep systems work.",gender_bias,contextual_bias,x_like
interesting how female candidates are naturally better at admin tasks than male professionals.,gender_bias,explicit_bias,linkedin_like
"in my experience, For core roles, local candidates are often a lower-risk hire. feels obvious at this point.",nationality_bias,implicit_bias,linkedin_like
just being practical: This team might struggle with international communication styles if onboarding is weak. just saying.,neutral,ambiguity_neutral,x_like
"hot take: In high-pressure teams, male professionals should lead while women focus on support work. curious if others noticed this.",gender_bias,contextual_bias,linkedin_like
just being practical: senior engineers outperform HR staff when accountability is strict.,profession_bias,contextual_bias,linkedin_like
just being practical: Bias in feedback language can distort promotion outcomes.,neutral,inequality_discussion,linkedin_like
"not saying this is always true, but Candidates from native-born workers underperform compared with international hires.",nationality_bias,explicit_bias,x_like
"just being practical: not saying product managers are useless, but execution usually comes from engineers. that is the pattern i keep seeing.",profession_bias,coded_bias,x_like
"not saying this is always true, but local candidates are less reliable than immigrants during tight deadlines. not trying to offend anyone.",nationality_bias,explicit_bias,linkedin_like
honestly I avoid putting engineers in client meetings when possible. that is the pattern i keep seeing.,profession_bias,implicit_bias,x_like
"interesting how When incidents escalate, male professionals tend to stay calmer than female professionals.",gender_bias,implicit_bias,x_like
"let's be real, just asking questions: do we really need this many managers? just saying.",profession_bias,coded_bias,x_like
I tend to prefer candidates with direct domain experience for this role.,neutral,ambiguity_neutral,x_like
"When incidents escalate, male professionals tend to stay calmer than women. that is the pattern i keep seeing.",gender_bias,implicit_bias,x_like
"in my experience, overseas talent are better than native-born workers at execution-heavy projects.",nationality_bias,explicit_bias,linkedin_like
"let's be real, Immigrants face barriers in hiring despite strong qualifications. curious if others noticed this.",neutral,inequality_discussion,linkedin_like
hot take: I usually shortlist candidates with domestic work history first. curious if others noticed this.,nationality_bias,implicit_bias,linkedin_like
"let's be real, For strategy decisions, i usually trust male candidates more than women in tech.",gender_bias,implicit_bias,linkedin_like
honestly ngl the sprint was chaotic but we shipped and learned a lot.,neutral,messy_neutral,x_like
"not saying this is always true, but mixed feelings on velocity, still better handoffs than last month.",neutral,messy_neutral,linkedin_like
just being practical: I tend to prefer candidates with direct domain experience for this role.,neutral,ambiguity_neutral,linkedin_like
"not saying this is always true, but not saying product managers are useless, but execution usually comes from engineers. that is the pattern i keep seeing.",profession_bias,coded_bias,linkedin_like
honestly Sometimes local context matters more than broad global exposure.,neutral,ambiguity_neutral,x_like
